,date,value
0,2023-03-20 17:25:13.546232,6168283.0
1,2023-03-20 17:25:14.929261,6168283.0
2,2023-03-20 17:25:15.737686,6168283.0
3,2023-03-20 17:25:18.138726,6168283.0
4,2023-03-20 17:25:20.012404,6168283.0
5,2023-03-20 17:25:22.141765,6168283.0
6,2023-03-20 17:25:24.026829,6168283.0
7,2023-03-20 17:25:25.991224,6168283.0
8,2023-03-20 17:25:33.830548,6168283.0
9,2023-03-20 17:25:36.083340,6168283.0
10,2023-03-20 17:25:37.479783,6168283.0
11,2023-03-20 17:25:39.416869,6168283.0
12,2023-03-20 17:25:41.589664,6168283.0
13,2023-03-20 17:25:44.093687,6168282.0
14,2023-03-20 17:25:45.998798,6168282.0
15,2023-03-20 17:25:47.906821,6168282.0
16,2023-03-20 17:25:53.731932,6168282.0
17,2023-03-20 17:25:57.452285,6168282.0
18,2023-03-20 17:25:58.990556,6168282.0
19,2023-03-20 17:26:01.537016,6168282.0
20,2023-03-20 17:26:03.155387,6168282.0
21,2023-03-20 17:26:04.064804,6168282.0
22,2023-03-20 17:26:05.561585,6168282.0
23,2023-03-20 17:26:07.829492,6168282.0
24,2023-03-20 17:26:09.130297,6168282.0
25,2023-03-20 17:26:11.480741,6168282.0
26,2023-03-20 17:26:13.774602,6168282.0
27,2023-03-20 17:26:16.106233,6168282.0
28,2023-03-20 17:26:21.331026,6168282.0
29,2023-03-20 17:26:24.217054,6168282.0
30,2023-03-20 17:26:26.109600,6168282.0
31,2023-03-20 17:26:28.289787,6168282.0
32,2023-03-20 17:26:30.702220,6168282.0
33,2023-03-20 17:26:32.778600,6168282.0
34,2023-03-20 17:26:35.021445,6168282.0
35,2023-03-20 17:26:38.441848,6168282.0
36,2023-03-20 17:26:41.916890,6168282.0
37,2023-03-20 17:26:45.531160,6168282.0
38,2023-03-20 17:26:47.403032,6168282.0
39,2023-03-20 17:26:50.313171,6168282.0
40,2023-03-20 17:26:55.348276,6168282.0
41,2023-03-20 17:27:01.956686,6168282.0
42,2023-03-20 17:27:03.978133,6168282.0
43,2023-03-20 17:27:06.054335,6168282.0
44,2023-03-20 17:27:09.438416,6168282.0
45,2023-03-20 17:27:11.603810,6168282.0
46,2023-03-20 17:27:13.833183,6168282.0
47,2023-03-20 17:27:16.044124,6168282.0
48,2023-03-20 17:27:17.579881,6168282.0
49,2023-03-20 17:27:21.783760,6168282.0
50,2023-03-20 17:27:26.481631,6168282.0
51,2023-03-20 17:27:27.826398,6168282.0
52,2023-03-20 17:27:31.684091,6168282.0
53,2023-03-20 17:27:33.904799,6168282.0
54,2023-03-20 17:27:36.134090,6168283.0
55,2023-03-20 17:27:38.295984,6168283.0
56,2023-03-20 17:27:40.478099,6168283.0
57,2023-03-20 17:27:43.522239,6168283.0
58,2023-03-20 17:27:45.640957,6168283.0
59,2023-03-20 17:27:47.614857,6168283.0
60,2023-03-20 17:27:51.233989,6168283.0
61,2023-03-31 00:41:13.282844,6171458.0
62,2023-03-31 00:41:14.954584,6171458.0
63,2023-03-31 00:41:16.224290,6171458.0
64,2023-03-31 00:41:16.857132,6171458.0
65,2023-03-31 01:08:18.591930,6171479.0
66,2023-03-31 01:08:19.123065,6171479.0
67,2023-03-31 01:08:19.910062,6171479.0
68,2023-03-31 01:08:20.469471,6171479.0
69,2023-03-31 01:08:21.879961,6171479.0
70,2023-04-15 14:54:14.075797,6179852.0
71,2023-04-15 14:54:15.138266,6179852.0
72,2023-04-15 14:54:16.267271,6179852.0
73,2023-04-15 14:54:18.371970,6179852.0
74,2023-04-15 14:54:19.621593,6179852.0
75,2023-04-15 14:54:23.040939,6179852.0
76,2023-04-15 14:54:24.318659,6179852.0
77,2023-04-15 14:54:26.189311,6179852.0
78,2023-04-15 14:54:30.031373,6179852.0
79,2023-04-15 14:54:32.613714,6179852.0
80,2023-04-15 14:54:33.761012,6179852.0
81,2023-04-15 14:54:38.538347,6179852.0
82,2023-04-15 14:54:39.595714,6179852.0
83,2023-04-15 14:54:40.733319,6179852.0
84,2023-04-15 14:54:42.275997,6179851.0
85,2023-04-15 14:54:43.345172,6179851.0
86,2023-04-15 14:54:46.855199,6179851.0
87,2023-04-15 14:54:50.657868,6179850.0
88,2023-04-15 14:54:53.479548,6179850.0
89,2023-04-15 14:54:55.737924,6179850.0
90,2023-04-15 14:54:59.371392,6179850.0
91,2023-04-15 14:55:01.216049,6179850.0
92,2023-04-15 14:55:03.215592,6179850.0
93,2023-04-15 14:55:04.561211,6179850.0
94,2023-04-15 14:55:07.860395,6179850.0
95,2023-04-15 14:55:23.310531,6179850.0
96,2023-04-15 14:55:24.953485,6179850.0
97,2023-04-15 14:55:31.726818,6179850.0
98,2023-04-15 14:55:38.217735,6179850.0
99,2023-04-15 14:55:39.281491,6179850.0
100,2023-04-15 14:55:40.437943,6179850.0
101,2023-04-15 14:55:42.076406,6179850.0
102,2023-04-15 14:55:45.745893,6179850.0
103,2023-04-15 14:55:46.674786,6179849.0
104,2023-04-15 14:55:49.344301,6179849.0
105,2023-04-15 14:55:51.150613,6179849.0
106,2023-04-15 14:55:52.290316,6179849.0
107,2023-04-15 14:55:53.292881,6179849.0
108,2023-04-15 14:55:55.145139,6179849.0
109,2023-04-15 14:55:59.125214,6179848.0
110,2023-04-15 14:56:01.466113,6179848.0
111,2023-04-15 14:56:04.970362,6179848.0
112,2023-04-15 14:56:05.966752,6179848.0
113,2023-04-15 14:56:13.957440,6179848.0
114,2023-04-15 14:56:14.930686,6179848.0
115,2023-04-15 14:56:19.445790,6179848.0
116,2023-04-15 14:56:29.591508,6179849.0
117,2023-04-15 14:56:32.611165,6179849.0
118,2023-04-15 14:56:42.741323,6179849.0
119,2023-04-15 14:56:46.339187,6179849.0
120,2023-04-15 14:56:48.314462,6179849.0
121,2023-04-15 14:56:59.004672,6179849.0
122,2023-04-15 14:57:04.268377,6179849.0
123,2023-04-15 14:57:05.561835,6179849.0
124,2023-04-15 14:57:08.016792,6179849.0
125,2023-04-15 14:57:13.159592,6179849.0
126,2023-04-15 14:57:15.046419,6179849.0
127,2023-04-15 14:57:16.315138,6179848.0
128,2023-04-15 14:57:27.974621,6179848.0
129,2023-04-15 14:57:29.072661,6179848.0
130,2023-04-15 14:57:30.690117,6179848.0
131,2023-04-15 14:57:31.986536,6179848.0
132,2023-04-15 14:57:37.991662,6179848.0
133,2023-04-15 14:57:39.038715,6179848.0
134,2023-04-15 14:57:41.116276,6179848.0
135,2023-04-15 14:57:42.326834,6179848.0
136,2023-04-15 14:57:43.436161,6179848.0
137,2023-04-15 14:57:50.889391,6179848.0
138,2023-04-15 14:57:53.289369,6179848.0
139,2023-04-15 14:57:55.331835,6179848.0
140,2023-04-15 14:57:57.616818,6179848.0
141,2023-04-15 14:58:01.503769,6179848.0
142,2023-04-15 14:58:02.874326,6179848.0
143,2023-04-15 14:58:04.084890,6179848.0
144,2023-04-15 14:58:05.989063,6179848.0
145,2023-04-15 14:58:07.167752,6179849.0
146,2023-04-15 14:58:08.398032,6179849.0
147,2023-04-15 14:58:09.504840,6179849.0
148,2023-04-15 14:58:17.519427,6179849.0
149,2023-04-15 14:58:21.552831,6179849.0
150,2023-04-15 14:58:30.399799,6179849.0
151,2023-04-15 14:58:31.268028,6179849.0
152,2023-04-15 15:03:40.837381,6179849.0
153,2023-04-15 15:03:41.719929,6179849.0
154,2023-04-15 15:03:48.396846,6179849.0
155,2023-04-15 15:03:49.562116,6179850.0
156,2023-04-15 15:03:51.229689,6179850.0
157,2023-04-15 15:03:52.517266,6179850.0
158,2023-04-15 15:03:56.563007,6179850.0
159,2023-04-15 15:04:08.579877,6179850.0
160,2023-04-15 15:04:09.360272,6179850.0
161,2023-04-15 15:04:09.961560,6179850.0
162,2023-04-15 15:04:12.699740,6179850.0
163,2023-04-15 15:04:18.646788,6179850.0
164,2023-04-15 15:04:20.607668,6179850.0
165,2023-04-15 15:04:22.051564,6179850.0
166,2023-04-15 15:04:24.573412,6179850.0
167,2023-04-15 15:04:26.015821,6179850.0
168,2023-04-15 15:04:27.806277,6179850.0
169,2023-04-15 15:04:35.479048,6179850.0
170,2023-04-15 15:04:36.377055,6179850.0
171,2023-04-15 15:04:39.094891,6179849.0
172,2023-04-15 15:04:40.161657,6179849.0
173,2023-04-15 15:04:43.033849,6179849.0
174,2023-04-15 15:04:44.306146,6179849.0
175,2023-04-15 15:04:45.363815,6179849.0
176,2023-04-15 15:04:47.060165,6179849.0
177,2023-04-15 15:04:55.981114,6179849.0
178,2023-04-15 15:05:01.438863,6179849.0
179,2023-04-15 15:05:02.839701,6179849.0
180,2023-04-15 15:05:04.006836,6179849.0
181,2023-04-15 15:05:05.114955,6179849.0
182,2023-04-15 15:05:06.289861,6179849.0
183,2023-04-15 15:05:12.453488,6179849.0
184,2023-04-15 15:05:14.383199,6179849.0
185,2023-04-15 15:05:20.199094,6179850.0
186,2023-04-15 15:05:22.387639,6179850.0
187,2023-04-15 15:05:23.168944,6179850.0
188,2023-04-15 15:05:24.008194,6179850.0
189,2023-04-15 15:05:27.104496,6179850.0
190,2023-04-15 15:05:28.226649,6179850.0
191,2023-04-15 15:05:29.312484,6179850.0
192,2023-04-15 15:05:30.645119,6179850.0
193,2023-04-15 15:05:32.512053,6179850.0
194,2023-04-15 15:05:33.497033,6179850.0
195,2023-04-15 15:05:34.533560,6179850.0
196,2023-04-15 15:05:35.531747,6179850.0
197,2023-04-15 15:05:36.828192,6179850.0
198,2023-04-15 15:05:38.345436,6179850.0
199,2023-04-15 15:05:42.386625,6179850.0
200,2023-04-15 15:05:43.692416,6179850.0
201,2023-04-15 15:05:44.828688,6179851.0
202,2023-04-15 15:05:46.765026,6179851.0
203,2023-04-15 15:05:47.899686,6179851.0
204,2023-04-15 15:05:48.985476,6179851.0
205,2023-04-15 15:05:49.836483,6179851.0
206,2023-04-15 15:05:51.868506,6179852.0
207,2023-04-15 15:05:53.648942,6179852.0
208,2023-04-15 15:05:57.379267,6179852.0
209,2023-04-15 15:06:00.700619,6179852.0
210,2023-04-15 15:06:01.521050,6179852.0
211,2023-04-15 15:06:02.443657,6179852.0
212,2023-04-15 15:06:03.562386,6179852.0
213,2023-04-15 15:06:04.420644,6179852.0
214,2023-04-15 15:06:06.113762,6179852.0
215,2023-04-15 15:06:07.241774,6179852.0
216,2023-04-15 15:06:10.695105,6179852.0
217,2023-04-15 15:06:12.218398,6179851.0
218,2023-04-15 15:06:15.073390,6179851.0
219,2023-04-15 15:06:17.804982,6179851.0
220,2023-04-15 15:06:19.826878,6179851.0
221,2023-04-15 15:06:21.174052,6179851.0
222,2023-04-15 15:06:24.473492,6179851.0
223,2023-04-15 15:06:25.210685,6179851.0
224,2023-04-15 15:06:26.290193,6179851.0
225,2023-04-15 15:06:27.968457,6179851.0
226,2023-04-15 15:06:28.856919,6179851.0
227,2023-04-15 15:06:29.652031,6179851.0
228,2023-04-15 15:06:30.159606,6179851.0
229,2023-04-15 15:06:33.269320,6179851.0
230,2023-04-15 15:06:35.060799,6179851.0
231,2023-04-15 15:06:35.862215,6179851.0
232,2023-04-15 15:06:37.487662,6179851.0
233,2023-04-15 15:06:38.163847,6179851.0
234,2023-04-15 15:06:39.001457,6179851.0
235,2023-04-15 15:06:40.467620,6179851.0
236,2023-04-15 15:06:43.212235,6179851.0
237,2023-04-15 15:06:45.668421,6179851.0
238,2023-04-15 15:06:46.636064,6179851.0
239,2023-04-15 15:06:50.521998,6179852.0
240,2023-04-15 15:06:51.796445,6179852.0
241,2023-04-15 15:06:54.802021,6179853.0
242,2023-04-15 15:06:55.926153,6179853.0
243,2023-04-15 15:06:56.962371,6179853.0
244,2023-04-15 15:07:00.461835,6179853.0
245,2023-04-15 15:07:05.510357,6179853.0
246,2023-04-15 15:07:08.760074,6179853.0
247,2023-04-15 15:07:09.409216,6179853.0
248,2023-04-15 15:07:11.767903,6179853.0
249,2023-04-15 15:07:14.074760,6179853.0
250,2023-04-15 15:07:15.157191,6179853.0
251,2023-04-15 15:07:16.351720,6179853.0
252,2023-04-15 15:07:17.344494,6179853.0
253,2023-04-15 15:07:18.394918,6179853.0
254,2023-04-15 15:07:19.207329,6179853.0
255,2023-04-15 15:07:20.324166,6179853.0
256,2023-04-15 15:07:21.696535,6179853.0
257,2023-04-15 15:07:22.614612,6179853.0
258,2023-04-15 15:07:24.061992,6179853.0
259,2023-04-15 15:07:25.317214,6179853.0
260,2023-04-15 15:07:26.387012,6179853.0
261,2023-04-15 15:07:27.373348,6179853.0
262,2023-04-15 15:07:28.224730,6179853.0
263,2023-04-15 15:07:29.661654,6179853.0
264,2023-04-15 15:07:30.688581,6179853.0
265,2023-04-15 15:07:31.586177,6179853.0
266,2023-04-15 15:07:32.256000,6179853.0
267,2023-04-15 15:07:34.468761,6179853.0
268,2023-04-15 15:07:35.895114,6179853.0
269,2023-04-15 15:07:37.743497,6179853.0
270,2023-04-15 15:07:38.653029,6179853.0
271,2023-04-15 15:07:40.738809,6179853.0
272,2023-04-15 15:07:41.824639,6179853.0
273,2023-04-15 15:07:42.960286,6179853.0
274,2023-04-15 15:07:44.034080,6179853.0
275,2023-04-15 15:07:45.969400,6179853.0
276,2023-04-15 15:07:47.187864,6179853.0
277,2023-04-15 15:07:48.331354,6179853.0
278,2023-04-15 15:07:49.436329,6179853.0
279,2023-04-15 15:07:50.548928,6179853.0
280,2023-04-15 15:07:52.661507,6179853.0
281,2023-04-15 15:07:55.506883,6179853.0
282,2023-04-15 15:07:56.354321,6179853.0
283,2023-04-15 15:07:57.805921,6179853.0
284,2023-04-15 15:07:59.061253,6179853.0
285,2023-04-15 15:08:02.881561,6179853.0
286,2023-04-15 15:08:04.166350,6179853.0
287,2023-04-15 15:08:04.940774,6179853.0
288,2023-04-15 15:08:05.501544,6179853.0
289,2023-04-15 15:08:06.830977,6179853.0
290,2023-04-15 15:08:08.571164,6179853.0
291,2023-04-15 15:08:09.155092,6179853.0
292,2023-04-15 15:08:12.124203,6179853.0
293,2023-04-15 15:08:13.359705,6179853.0
294,2023-04-15 15:08:16.687473,6179853.0
295,2023-04-15 15:08:17.170624,6179853.0
296,2023-04-15 15:08:18.312550,6179853.0
297,2023-04-15 15:08:19.341635,6179853.0
298,2023-04-15 15:08:20.689058,6179853.0
299,2023-04-15 15:08:24.404939,6179853.0
300,2023-04-15 15:08:25.608950,6179853.0
301,2023-04-15 15:08:26.206729,6179853.0
302,2023-04-15 15:08:27.632367,6179853.0
303,2023-04-15 15:08:28.552868,6179853.0
304,2023-04-15 15:08:29.863558,6179853.0
305,2023-04-15 15:08:31.304937,6179853.0
306,2023-04-15 15:08:36.682572,6179854.0
307,2023-04-15 15:08:38.419290,6179855.0
308,2023-04-15 15:08:42.268049,6179855.0
309,2023-04-15 15:08:44.966678,6179855.0
310,2023-04-15 15:08:45.552582,6179855.0
311,2023-04-15 15:08:50.352105,6179855.0
312,2023-04-15 15:08:53.320175,6179855.0
313,2023-04-15 15:08:54.865788,6179855.0
314,2023-04-15 15:08:56.409606,6179855.0
315,2023-04-15 15:08:58.010604,6179855.0
316,2023-04-15 15:08:59.807498,6179855.0
317,2023-04-15 15:09:02.504784,6179855.0
318,2023-04-15 15:09:04.046255,6179855.0
319,2023-04-15 15:09:04.666564,6179855.0
320,2023-04-15 15:09:10.592150,6179855.0
321,2023-04-15 15:09:11.857719,6179855.0
322,2023-04-15 15:09:14.474842,6179855.0
323,2023-04-15 15:09:15.529921,6179855.0
324,2023-04-15 15:09:17.130174,6179856.0
325,2023-04-15 15:09:20.321156,6179856.0
326,2023-04-15 15:09:21.922475,6179856.0
327,2023-04-15 15:09:23.259834,6179856.0
328,2023-04-15 15:09:30.401329,6179856.0
329,2023-04-15 15:09:32.449695,6179856.0
330,2023-04-15 15:09:34.970876,6179856.0
331,2023-04-15 15:09:37.998542,6179856.0
332,2023-04-15 15:09:39.203419,6179856.0
333,2023-04-15 15:09:40.145935,6179856.0
334,2023-04-15 15:09:41.709817,6179856.0
335,2023-04-15 15:09:44.066077,6179856.0
336,2023-04-15 15:09:45.291118,6179856.0
337,2023-04-15 15:09:46.574282,6179856.0
338,2023-04-15 15:09:47.977986,6179856.0
339,2023-04-15 15:09:49.018036,6179856.0
340,2023-04-15 15:09:50.682578,6179856.0
341,2023-04-15 15:09:52.061608,6179856.0
342,2023-04-15 15:09:54.523286,6179856.0
343,2023-04-15 15:09:55.921024,6179856.0
344,2023-04-15 15:10:05.944126,6179856.0
345,2023-04-15 15:10:11.454454,6179856.0
346,2023-04-15 15:10:12.498104,6179856.0
347,2023-04-15 15:10:13.849869,6179856.0
348,2023-04-15 15:10:15.720512,6179856.0
349,2023-04-15 15:10:17.243333,6179856.0
350,2023-04-15 15:10:20.196017,6179856.0
351,2023-04-15 15:10:22.819410,6179856.0
352,2023-04-15 15:10:24.329136,6179856.0
353,2023-04-15 15:10:28.072067,6179856.0
354,2023-04-15 15:10:29.742758,6179856.0
355,2023-04-15 15:10:30.627366,6179856.0
356,2023-04-15 15:10:33.336001,6179857.0
357,2023-04-15 15:10:34.227123,6179857.0
358,2023-04-15 15:10:36.946312,6179857.0
359,2023-04-15 15:10:39.981907,6179857.0
360,2023-04-15 15:10:45.499651,6179858.0
361,2023-04-15 15:10:48.775829,6179858.0
362,2023-04-15 15:10:52.309314,6179858.0
363,2023-04-15 15:10:54.945330,6179859.0
364,2023-04-15 15:10:56.470603,6179858.0
365,2023-04-15 15:10:59.840423,6179858.0
366,2023-04-15 15:11:02.329527,6179858.0
367,2023-04-15 15:11:13.453654,6179858.0
368,2023-04-15 15:11:16.162945,6179858.0
369,2023-04-15 15:11:17.546517,6179858.0
370,2023-04-15 15:11:19.162217,6179859.0
371,2023-04-15 15:11:23.356282,6179859.0
372,2023-04-15 15:11:26.562635,6179859.0
373,2023-04-15 15:11:29.226078,6179859.0
374,2023-04-15 15:11:30.729576,6179859.0
375,2023-04-15 15:11:31.610725,6179859.0
376,2023-04-15 15:11:34.991915,6179859.0
377,2023-04-15 15:11:46.754188,6179859.0
378,2023-04-15 15:11:48.029238,6179859.0
379,2023-04-15 15:11:52.408238,6179859.0
380,2023-04-15 15:11:56.109267,6179859.0
381,2023-04-15 15:11:57.768815,6179859.0
382,2023-04-15 15:11:59.065642,6179859.0
383,2023-04-15 15:12:00.718128,6179859.0
384,2023-04-15 15:12:09.058758,6179858.0
385,2023-04-15 15:12:10.974454,6179858.0
386,2023-04-15 15:12:13.255068,6179858.0
387,2023-04-15 15:12:14.457404,6179858.0
388,2023-04-15 15:12:15.759067,6179858.0
389,2023-04-15 15:12:19.298061,6179858.0
390,2023-04-15 15:12:20.340514,6179858.0
391,2023-04-15 15:12:21.828477,6179858.0
392,2023-04-15 15:12:22.909933,6179858.0
393,2023-04-15 15:12:26.840359,6179858.0
394,2023-04-15 15:12:29.944635,6179858.0
395,2023-04-15 15:12:31.322635,6179858.0
396,2023-04-15 15:12:32.685898,6179858.0
397,2023-04-15 15:12:34.146102,6179858.0
398,2023-04-15 15:12:37.868287,6179858.0
399,2023-04-15 15:12:38.715825,6179858.0
400,2023-04-15 15:12:42.061100,6179858.0
401,2023-04-15 15:12:43.184781,6179858.0
402,2023-04-15 15:12:44.913348,6179858.0
403,2023-04-15 15:12:45.806787,6179858.0
404,2023-04-15 15:12:47.415941,6179858.0
405,2023-04-15 15:12:52.327624,6179858.0
406,2023-04-15 15:12:54.185112,6179858.0
407,2023-04-15 15:12:55.015614,6179858.0
408,2023-04-15 15:12:57.324878,6179858.0
409,2023-04-15 15:12:58.545891,6179858.0
410,2023-04-15 15:12:59.196877,6179858.0
411,2023-04-15 15:13:00.320729,6179858.0
412,2023-04-15 15:13:02.293863,6179858.0
413,2023-04-15 15:13:03.440933,6179858.0
414,2023-04-15 15:13:04.779294,6179858.0
415,2023-04-15 15:13:05.946099,6179858.0
416,2023-04-15 15:13:07.630939,6179858.0
417,2023-04-15 15:13:08.940170,6179858.0
418,2023-04-15 15:13:09.630220,6179858.0
419,2023-04-15 15:13:11.253919,6179858.0
420,2023-04-15 15:13:13.006387,6179858.0
421,2023-04-15 15:13:14.135040,6179858.0
422,2023-04-15 15:13:15.076854,6179858.0
423,2023-04-15 15:13:19.563368,6179859.0
424,2023-04-15 15:13:20.626842,6179859.0
425,2023-04-15 15:13:21.823122,6179859.0
426,2023-04-15 15:13:25.011066,6179859.0
427,2023-04-15 15:13:26.640053,6179859.0
428,2023-04-15 15:13:27.445505,6179859.0
429,2023-04-15 15:13:30.067720,6179859.0
430,2023-04-15 15:13:35.358208,6179859.0
431,2023-04-15 15:13:36.724380,6179859.0
432,2023-04-15 15:13:38.072700,6179859.0
433,2023-04-15 15:13:39.562829,6179859.0
434,2023-04-15 15:13:41.310070,6179859.0
435,2023-04-15 15:13:43.362458,6179859.0
436,2023-04-15 15:13:46.780601,6179859.0
437,2023-04-15 15:13:50.881064,6179859.0
438,2023-04-15 15:13:53.778247,6179859.0
439,2023-04-15 15:13:56.960273,6179859.0
440,2023-04-15 15:13:58.079161,6179859.0
441,2023-04-15 15:13:59.245716,6179859.0
442,2023-04-15 15:14:00.402165,6179860.0
443,2023-04-15 15:14:01.332867,6179860.0
444,2023-04-15 15:14:02.286453,6179860.0
445,2023-04-15 15:14:03.107741,6179860.0
446,2023-04-15 15:14:04.405528,6179860.0
447,2023-04-15 15:14:05.529545,6179860.0
448,2023-04-15 15:14:07.887732,6179860.0
449,2023-04-15 15:14:08.434626,6179860.0
450,2023-04-15 15:14:09.643059,6179860.0
451,2023-04-15 15:14:10.493478,6179860.0
452,2023-04-15 15:14:11.397948,6179860.0
453,2023-04-15 15:14:12.070100,6179860.0
454,2023-04-15 15:14:13.337479,6179860.0
455,2023-04-15 15:14:14.486977,6179860.0
456,2023-04-15 15:14:15.301454,6179860.0
457,2023-04-15 15:14:16.159420,6179860.0
458,2023-04-15 15:14:17.304844,6179860.0
459,2023-04-15 15:14:18.155201,6179860.0
460,2023-04-15 15:14:19.266106,6179860.0
461,2023-04-15 15:14:19.932316,6179860.0
462,2023-04-15 15:14:21.509419,6179860.0
463,2023-04-15 15:14:22.509783,6179860.0
464,2023-04-15 15:14:23.582773,6179860.0
465,2023-04-15 15:14:24.804212,6179860.0
466,2023-04-15 15:14:25.975282,6179860.0
467,2023-04-15 15:14:27.378085,6179860.0
468,2023-04-15 15:14:28.410040,6179860.0
469,2023-04-15 15:14:29.977264,6179861.0
470,2023-04-15 15:14:31.381492,6179861.0
471,2023-04-15 15:14:32.988035,6179861.0
472,2023-04-15 15:14:33.564016,6179861.0
473,2023-04-15 15:14:34.532806,6179861.0
474,2023-04-15 15:14:36.092760,6179861.0
475,2023-04-15 15:14:37.316936,6179861.0
476,2023-04-15 15:14:38.229652,6179861.0
477,2023-04-15 15:14:39.066203,6179861.0
478,2023-04-15 15:14:39.929620,6179861.0
479,2023-04-15 15:14:41.234416,6179861.0
480,2023-04-15 15:14:42.281108,6179861.0
481,2023-04-15 15:14:43.014099,6179860.0
482,2023-04-15 15:14:44.075935,6179860.0
483,2023-04-15 15:14:45.383771,6179860.0
484,2023-04-15 15:14:46.415408,6179860.0
485,2023-04-15 15:14:47.785511,6179860.0
486,2023-04-15 15:14:48.640691,6179860.0
487,2023-04-15 15:14:49.673266,6179860.0
488,2023-04-15 15:14:51.718668,6179860.0
489,2023-04-15 15:14:52.630626,6179860.0
490,2023-04-15 17:40:47.555808,6179971.0
491,2023-04-15 17:40:50.766113,6179971.0
492,2023-04-15 17:40:51.486031,6179971.0
493,2023-04-15 17:40:59.882449,6179972.0
494,2023-04-15 17:41:00.825933,6179972.0
495,2023-04-15 17:41:06.033425,6179972.0
496,2023-04-15 17:41:06.785540,6179972.0
497,2023-04-15 17:41:07.281560,6179972.0
498,2023-04-15 17:41:12.615540,6179972.0
499,2023-04-15 17:41:15.494198,6179972.0
500,2023-04-15 17:41:16.227611,6179972.0
501,2023-04-15 17:41:17.904168,6179971.0
502,2023-04-15 17:41:18.649818,6179971.0
503,2023-04-15 17:41:20.367148,6179971.0
504,2023-04-15 17:41:23.949600,6179971.0
505,2023-04-15 17:41:24.905652,6179971.0
506,2023-04-15 17:41:26.128015,6179971.0
507,2023-04-15 17:42:00.978584,6179971.0
508,2023-04-15 17:42:02.152771,6179971.0
509,2023-04-15 17:42:07.300552,6179971.0
510,2023-04-15 17:42:08.068270,6179971.0
511,2023-04-15 17:42:09.004175,6179971.0
512,2023-04-15 17:42:10.642179,6179971.0
513,2023-04-15 17:42:12.057788,6179971.0
514,2023-04-15 17:42:15.354086,6179971.0
515,2023-04-15 17:42:16.106518,6179971.0
516,2023-04-15 17:42:18.943936,6179971.0
517,2023-04-15 17:42:19.678374,6179971.0
518,2023-04-15 17:42:29.343481,6179972.0
519,2023-04-15 17:42:33.060625,6179973.0
520,2023-04-15 17:42:34.251342,6179973.0
521,2023-04-15 17:42:35.380551,6179973.0
522,2023-04-15 17:42:37.039411,6179973.0
523,2023-04-15 17:42:37.714373,6179973.0
524,2023-04-15 17:42:56.201448,6179973.0
525,2023-04-15 17:43:09.077371,6179973.0
526,2023-04-15 17:43:09.974567,6179973.0
527,2023-04-15 17:43:12.208548,6179973.0
528,2023-04-15 17:43:14.776892,6179973.0
529,2023-04-15 17:43:15.704622,6179974.0
530,2023-04-15 17:43:20.071791,6179974.0
531,2023-04-15 17:43:21.209361,6179974.0
532,2023-04-15 17:43:24.983414,6179974.0
533,2023-04-15 17:43:27.697719,6179974.0
534,2023-04-15 17:43:28.540890,6179974.0
535,2023-04-15 17:43:32.495033,6179974.0
536,2023-04-15 17:43:33.236742,6179974.0
537,2023-04-15 17:43:36.985124,6179974.0
538,2023-04-15 17:43:39.621439,6179974.0
539,2023-04-15 17:43:44.620271,6179974.0
540,2023-04-15 17:43:47.050528,6179973.0
541,2023-04-15 17:43:48.283581,6179973.0
542,2023-04-15 17:43:54.794138,6179973.0
543,2023-04-15 17:44:00.004982,6179974.0
544,2023-04-15 17:44:00.472207,6179974.0
545,2023-04-15 17:44:01.014760,6179974.0
546,2023-04-15 17:44:01.703455,6179974.0
547,2023-04-15 17:44:09.450241,6179974.0
548,2023-04-15 17:44:13.024739,6179974.0
549,2023-04-15 17:44:17.047539,6179975.0
550,2023-04-15 17:44:24.236962,6179975.0
551,2023-04-15 17:44:25.126541,6179975.0
552,2023-04-15 17:44:34.005251,6179975.0
553,2023-04-15 17:44:34.469199,6179975.0
554,2023-04-15 17:44:37.288040,6179975.0
555,2023-04-15 17:44:38.409783,6179976.0
556,2023-04-15 17:44:40.459144,6179976.0
557,2023-04-15 17:44:45.539473,6179976.0
558,2023-04-15 17:44:54.019450,6179977.0
559,2023-04-15 17:44:54.463182,6179977.0
560,2023-04-15 17:44:55.152713,6179977.0
561,2023-04-15 17:44:56.117727,6179977.0
562,2023-04-15 17:45:00.003875,6179977.0
563,2023-04-15 17:45:05.692939,6179977.0
564,2023-04-15 17:45:07.542771,6179977.0
565,2023-04-15 17:45:08.808385,6179977.0
566,2023-04-15 17:45:10.403752,6179977.0
567,2023-04-15 17:45:11.139560,6179977.0
568,2023-04-15 17:45:14.147389,6179977.0
569,2023-04-15 17:45:15.605058,6179977.0
570,2023-04-15 17:45:16.077133,6179977.0
571,2023-04-15 17:45:17.741379,6179977.0
572,2023-04-15 17:45:18.170179,6179977.0
573,2023-04-15 17:45:18.879549,6179977.0
574,2023-04-15 17:45:20.569719,6179977.0
575,2023-04-15 17:45:28.747040,6179977.0
576,2023-04-15 17:45:29.992793,6179977.0
577,2023-04-15 17:45:36.163594,6179977.0
578,2023-04-15 17:45:38.062193,6179977.0
579,2023-04-15 17:45:42.933656,6179977.0
580,2023-04-15 17:45:43.724488,6179977.0
581,2023-04-15 17:45:44.613728,6179977.0
582,2023-04-15 17:45:45.584004,6179978.0
583,2023-04-15 17:45:48.042053,6179978.0
584,2023-04-15 17:45:49.006590,6179978.0
585,2023-04-15 17:45:49.732693,6179978.0
586,2023-04-15 17:45:53.846584,6179978.0
587,2023-04-15 17:45:55.627975,6179978.0
588,2023-04-15 17:45:56.093121,6179978.0
589,2023-04-15 17:45:58.086080,6179978.0
590,2023-04-15 17:45:59.695067,6179978.0
591,2023-04-15 17:46:02.588918,6179979.0
592,2023-04-15 17:46:03.156830,6179979.0
593,2023-04-15 17:46:09.499876,6179979.0
594,2023-04-15 17:46:11.245224,6179979.0
595,2023-04-15 17:46:19.407596,6179979.0
596,2023-04-15 17:46:20.424934,6179979.0
597,2023-04-15 17:46:21.192259,6179979.0
598,2023-04-15 17:46:23.490120,6179979.0
599,2023-04-15 17:46:25.201748,6179979.0
600,2023-04-15 17:46:27.788492,6179979.0
601,2023-04-15 17:46:29.333113,6179979.0
602,2023-04-15 17:46:30.437835,6179979.0
603,2023-04-15 17:46:31.165901,6179979.0
604,2023-04-15 17:46:32.729839,6179979.0
605,2023-04-15 17:46:34.219903,6179979.0
606,2023-04-15 17:46:35.232908,6179979.0
607,2023-04-15 17:46:41.877564,6179979.0
608,2023-04-15 17:46:42.890001,6179979.0
609,2023-04-15 17:46:43.636785,6179979.0
610,2023-04-15 17:46:44.142666,6179979.0
611,2023-04-15 17:46:46.205155,6179980.0
612,2023-04-15 17:46:46.664655,6179980.0
613,2023-04-15 17:46:48.367124,6179980.0
614,2023-04-15 17:46:49.240791,6179980.0
615,2023-04-15 17:46:50.005708,6179980.0
616,2023-04-15 17:46:50.821105,6179980.0
617,2023-04-15 17:46:51.586830,6179980.0
618,2023-04-15 17:46:52.561681,6179981.0
619,2023-04-15 17:46:53.281524,6179981.0
620,2023-04-15 17:46:54.052077,6179981.0
621,2023-04-15 17:46:55.011504,6179981.0
622,2023-04-15 17:46:55.759797,6179981.0
623,2023-04-15 17:46:56.480276,6179981.0
624,2023-04-15 17:46:57.235048,6179981.0
625,2023-04-15 17:46:58.281178,6179981.0
626,2023-04-15 17:46:58.968220,6179981.0
627,2023-04-15 17:46:59.737873,6179981.0
628,2023-04-15 17:47:00.185602,6179981.0
629,2023-04-15 17:47:01.418534,6179981.0
630,2023-04-15 17:47:02.217235,6179981.0
631,2023-04-15 17:47:02.965221,6179981.0
632,2023-04-15 17:47:04.357165,6179981.0
633,2023-04-15 17:47:05.157863,6179981.0
634,2023-04-15 17:47:05.736770,6179981.0
635,2023-04-15 17:47:06.202732,6179981.0
636,2023-04-15 17:47:07.478288,6179981.0
637,2023-04-15 17:47:08.446586,6179981.0
638,2023-04-15 17:47:09.105792,6179982.0
639,2023-04-15 17:47:10.534772,6179982.0
640,2023-04-15 17:47:11.357697,6179982.0
641,2023-04-15 17:47:12.343517,6179982.0
642,2023-04-15 17:47:13.770639,6179982.0
643,2023-04-15 17:47:14.266828,6179982.0
644,2023-04-15 17:47:15.075353,6179982.0
645,2023-04-15 17:47:16.630932,6179982.0
646,2023-04-15 17:47:19.253342,6179982.0
647,2023-04-15 17:47:20.361175,6179982.0
648,2023-04-15 17:47:23.032265,6179982.0
649,2023-04-15 17:47:25.438487,6179982.0
650,2023-04-15 17:47:26.435207,6179982.0
651,2023-04-15 17:47:27.598107,6179982.0
652,2023-04-15 17:47:28.324471,6179982.0
653,2023-04-15 17:47:33.178502,6179983.0
654,2023-04-15 17:47:38.753066,6179983.0
655,2023-04-15 17:47:40.875686,6179983.0
656,2023-04-15 17:47:41.341142,6179983.0
657,2023-04-15 17:47:42.140379,6179983.0
658,2023-04-15 17:47:42.922680,6179983.0
659,2023-04-15 17:47:46.077178,6179983.0
660,2023-04-15 17:47:46.573612,6179983.0
661,2023-04-15 17:47:50.619274,6179983.0
662,2023-04-15 17:47:52.916715,6179983.0
663,2023-04-15 17:47:54.607496,6179983.0
664,2023-04-15 17:47:56.327249,6179983.0
665,2023-04-15 17:47:57.017621,6179983.0
666,2023-04-15 17:47:57.901153,6179983.0
667,2023-04-15 17:47:58.733023,6179983.0
668,2023-04-15 17:48:00.426843,6179983.0
669,2023-04-15 17:48:01.163435,6179983.0
670,2023-04-15 17:48:11.697549,6179983.0
671,2023-04-15 17:48:12.768551,6179983.0
672,2023-04-15 17:48:14.990307,6179983.0
673,2023-04-15 17:48:17.509222,6179983.0
674,2023-04-15 17:48:18.260449,6179983.0
675,2023-04-15 17:48:20.665187,6179983.0
676,2023-04-15 17:48:21.396124,6179983.0
677,2023-04-15 17:48:24.766272,6179983.0
678,2023-04-15 17:48:25.918079,6179983.0
679,2023-04-15 17:48:27.100357,6179983.0
680,2023-04-15 17:48:27.602109,6179983.0
681,2023-04-15 17:48:34.508637,6179983.0
682,2023-04-15 17:48:35.659238,6179983.0
683,2023-04-15 17:48:36.385217,6179983.0
684,2023-04-15 17:48:40.278437,6179983.0
685,2023-04-15 17:49:01.747716,6179983.0
686,2023-04-15 17:49:02.629276,6179983.0
687,2023-04-15 17:49:04.765721,6179983.0
688,2023-04-15 17:49:06.121190,6179983.0
689,2023-04-15 17:49:06.817056,6179983.0
690,2023-04-15 17:49:10.579382,6179983.0
691,2023-04-15 17:49:11.727206,6179983.0
692,2023-04-15 17:49:14.316480,6179983.0
693,2023-04-15 17:49:16.945407,6179983.0
694,2023-04-15 17:49:18.033467,6179984.0
695,2023-04-15 17:49:18.783155,6179984.0
696,2023-04-15 17:49:21.119152,6179984.0
697,2023-04-15 17:49:24.380112,6179984.0
698,2023-04-15 17:49:31.313788,6179984.0
699,2023-04-15 17:49:35.307732,6179984.0
700,2023-04-15 17:49:41.584439,6179984.0
701,2023-04-15 17:49:42.718021,6179984.0
702,2023-04-15 17:49:43.649625,6179984.0
703,2023-04-15 17:49:44.556472,6179984.0
704,2023-04-15 17:49:45.301964,6179984.0
705,2023-04-15 17:49:47.230473,6179984.0
706,2023-04-15 17:49:47.955242,6179984.0
707,2023-04-15 17:49:48.667035,6179984.0
708,2023-04-15 17:49:49.196722,6179984.0
709,2023-04-15 17:49:49.864757,6179984.0
710,2023-04-15 17:49:50.992016,6179985.0
711,2023-04-15 17:49:51.857964,6179985.0
712,2023-04-15 17:49:53.195639,6179985.0
713,2023-04-15 17:49:53.946602,6179985.0
714,2023-04-15 17:49:55.165060,6179985.0
715,2023-04-15 17:49:55.856903,6179985.0
716,2023-04-15 17:49:57.073353,6179985.0
717,2023-04-15 17:49:59.693274,6179985.0
718,2023-04-15 17:50:00.967524,6179985.0
719,2023-04-15 17:50:01.922863,6179985.0
720,2023-04-15 17:50:02.813299,6179985.0
721,2023-04-15 17:50:06.755162,6179985.0
722,2023-04-15 17:50:07.918741,6179985.0
723,2023-04-15 17:50:10.331724,6179985.0
724,2023-04-15 17:50:13.149204,6179985.0
725,2023-04-15 17:50:13.736335,6179985.0
726,2023-04-15 17:50:14.797596,6179985.0
727,2023-04-15 17:50:23.425646,6179985.0
728,2023-04-15 17:50:31.160811,6179985.0
729,2023-04-15 17:50:32.076094,6179985.0
730,2023-04-15 17:50:34.094717,6179985.0
731,2023-04-15 17:50:34.562062,6179985.0
732,2023-04-15 17:50:35.815989,6179985.0
733,2023-04-15 17:50:36.300382,6179985.0
734,2023-04-15 17:51:02.398799,6179986.0
735,2023-04-15 17:51:03.586772,6179986.0
736,2023-04-15 17:51:04.537059,6179986.0
737,2023-04-15 17:51:05.260845,6179986.0
738,2023-04-15 17:51:05.957053,6179986.0
739,2023-04-15 17:51:06.665633,6179986.0
740,2023-04-15 17:51:07.174533,6179986.0
741,2023-04-15 17:51:08.454007,6179987.0
742,2023-04-15 17:51:08.922901,6179987.0
743,2023-04-15 17:51:10.391506,6179987.0
744,2023-04-15 17:51:12.713510,6179987.0
745,2023-04-15 17:51:13.169789,6179987.0
746,2023-04-15 17:51:13.914139,6179987.0
747,2023-04-15 17:51:14.615367,6179987.0
748,2023-04-15 17:51:15.291008,6179987.0
749,2023-04-15 17:51:15.720695,6179987.0
750,2023-04-15 17:51:17.411469,6179987.0
751,2023-04-15 17:51:20.192362,6179987.0
752,2023-04-15 17:51:21.608875,6179987.0
753,2023-04-15 17:51:22.161714,6179987.0
754,2023-04-15 17:51:22.606143,6179987.0
755,2023-04-15 17:51:24.739329,6179987.0
756,2023-04-15 17:51:25.505514,6179987.0
757,2023-04-15 17:51:27.967471,6179987.0
758,2023-04-15 17:51:29.186258,6179987.0
759,2023-04-15 17:51:30.917047,6179987.0
760,2023-04-15 17:51:33.735054,6179988.0
761,2023-04-15 17:51:34.398385,6179988.0
762,2023-04-15 17:51:36.826970,6179988.0
763,2023-04-15 17:51:37.510911,6179988.0
764,2023-04-15 17:51:38.952159,6179988.0
765,2023-04-15 17:51:40.179498,6179988.0
766,2023-04-15 17:51:41.291424,6179988.0
767,2023-04-15 17:51:42.698934,6179989.0
768,2023-04-15 17:51:43.156691,6179989.0
769,2023-04-15 17:51:44.072601,6179989.0
770,2023-04-15 17:51:45.694736,6179989.0
771,2023-04-15 17:51:46.977290,6179989.0
772,2023-04-15 17:51:50.251286,6179989.0
773,2023-04-15 17:51:52.066844,6179989.0
774,2023-04-15 17:51:53.229362,6179989.0
775,2023-04-15 17:51:57.682190,6179989.0
776,2023-04-15 17:51:58.525587,6179990.0
777,2023-04-15 17:51:59.425164,6179990.0
778,2023-04-15 17:52:05.100309,6179991.0
779,2023-04-15 17:52:05.547334,6179991.0
780,2023-04-15 17:52:07.305573,6179991.0
781,2023-04-15 17:52:08.435848,6179991.0
782,2023-04-15 17:52:10.052317,6179991.0
783,2023-04-15 17:52:10.723695,6179991.0
784,2023-04-15 17:52:11.409152,6179991.0
785,2023-04-15 17:52:12.189069,6179991.0
786,2023-04-15 17:52:12.659435,6179991.0
787,2023-04-15 17:52:13.390156,6179991.0
788,2023-04-15 17:52:14.246757,6179991.0
789,2023-04-15 17:52:14.701388,6179991.0
790,2023-04-15 17:52:15.399655,6179991.0
791,2023-04-15 17:52:16.276003,6179991.0
792,2023-04-15 17:52:16.710337,6179991.0
793,2023-04-15 17:52:18.692910,6179991.0
794,2023-04-15 17:52:19.604782,6179991.0
795,2023-04-15 17:52:20.425242,6179991.0
796,2023-04-15 17:52:21.194554,6179991.0
797,2023-04-15 17:52:27.344445,6179991.0
798,2023-04-15 17:52:30.735796,6179991.0
799,2023-04-15 17:52:32.046564,6179991.0
800,2023-04-15 17:52:32.766751,6179991.0
801,2023-04-15 17:52:34.402930,6179991.0
802,2023-04-15 17:52:44.170486,6179991.0
803,2023-04-15 17:52:47.149398,6179991.0
804,2023-04-15 17:52:48.319212,6179991.0
805,2023-04-15 17:52:53.135178,6179991.0
806,2023-04-15 17:52:53.905827,6179991.0
807,2023-04-15 17:52:54.648897,6179991.0
808,2023-04-15 17:52:56.781510,6179991.0
809,2023-04-15 17:52:57.927390,6179991.0
810,2023-04-15 17:53:07.874425,6179991.0
811,2023-04-15 17:53:08.628662,6179991.0
812,2023-04-15 17:53:09.366197,6179991.0
813,2023-04-15 17:53:10.067736,6179991.0
814,2023-04-15 17:53:10.833617,6179991.0
815,2023-04-15 17:53:11.585182,6179991.0
816,2023-04-15 17:53:12.335664,6179991.0
817,2023-04-15 17:53:13.206081,6179991.0
818,2023-04-15 17:53:14.072346,6179991.0
819,2023-04-15 17:53:14.940545,6179991.0
820,2023-04-15 17:53:15.638486,6179991.0
821,2023-04-15 17:53:16.321866,6179991.0
822,2023-04-15 17:53:16.738480,6179991.0
823,2023-04-15 17:53:17.155280,6179991.0
824,2023-04-15 17:53:17.895461,6179991.0
825,2023-04-15 17:53:19.060585,6179991.0
826,2023-04-15 17:53:19.743604,6179991.0
827,2023-04-15 17:53:20.190442,6179991.0
828,2023-04-15 17:53:20.723742,6179991.0
829,2023-04-15 17:53:21.572335,6179991.0
830,2023-04-15 17:53:22.150751,6179991.0
831,2023-04-15 17:53:22.605819,6179991.0
832,2023-04-15 17:53:23.082656,6179991.0
833,2023-04-15 17:53:24.119502,6179992.0
834,2023-04-15 17:53:24.559893,6179992.0
835,2023-04-15 17:53:25.016430,6179992.0
836,2023-04-15 17:53:25.769395,6179992.0
837,2023-04-15 17:53:27.402235,6179992.0
838,2023-04-15 17:53:28.100965,6179992.0
839,2023-04-15 17:53:28.571688,6179992.0
840,2023-04-15 17:53:29.143291,6179992.0
841,2023-04-15 17:53:29.865279,6179992.0
842,2023-04-15 17:53:34.663999,6179992.0
843,2023-04-15 17:53:35.430273,6179992.0
844,2023-04-15 17:53:36.132202,6179992.0
845,2023-04-15 17:53:37.013388,6179992.0
846,2023-04-15 17:53:37.471095,6179992.0
847,2023-04-15 17:53:40.817267,6179992.0
848,2023-04-15 17:53:42.937586,6179992.0
849,2023-04-15 17:53:50.451636,6179992.0
850,2023-04-15 17:53:50.876869,6179992.0
851,2023-04-15 17:53:51.813810,6179992.0
852,2023-04-15 17:53:52.547203,6179992.0
853,2023-04-15 17:53:54.345715,6179992.0
854,2023-04-15 17:53:58.751701,6179992.0
855,2023-04-15 17:53:59.221611,6179992.0
856,2023-04-15 17:54:00.098996,6179992.0
857,2023-04-15 17:54:03.527452,6179992.0
858,2023-04-15 17:54:05.961822,6179992.0
859,2023-04-15 17:54:11.336218,6179992.0
860,2023-04-15 17:54:20.953090,6179992.0
861,2023-04-15 17:54:22.295437,6179992.0
862,2023-04-15 17:54:22.719125,6179992.0
863,2023-04-15 17:54:23.882066,6179992.0
864,2023-04-15 17:54:24.309982,6179992.0
865,2023-04-15 17:54:25.163978,6179992.0
866,2023-04-15 17:54:27.348559,6179992.0
867,2023-04-15 17:54:29.033378,6179992.0
868,2023-04-15 17:54:30.335127,6179992.0
869,2023-04-15 17:54:31.966033,6179992.0
870,2023-04-15 17:54:38.010561,6179992.0
871,2023-04-15 17:54:42.360197,6179993.0
872,2023-04-15 17:54:43.777451,6179993.0
873,2023-04-15 17:54:46.498857,6179994.0
874,2023-04-15 17:54:48.407656,6179994.0
875,2023-04-15 17:54:52.791366,6179994.0
876,2023-04-15 17:54:55.117376,6179994.0
877,2023-04-15 17:54:55.561109,6179994.0
878,2023-04-15 17:54:57.641694,6179994.0
879,2023-04-15 17:54:58.801859,6179994.0
880,2023-04-15 17:54:59.515057,6179994.0
881,2023-04-15 17:55:00.192217,6179994.0
882,2023-04-15 17:55:00.968140,6179994.0
883,2023-04-15 17:55:02.013475,6179994.0
884,2023-04-15 17:55:02.747617,6179994.0
885,2023-04-15 17:55:04.513531,6179994.0
886,2023-04-15 17:55:04.956240,6179994.0
887,2023-04-15 17:55:06.270793,6179995.0
888,2023-04-15 17:55:06.951849,6179995.0
889,2023-04-15 17:55:07.918949,6179995.0
890,2023-04-15 17:55:08.627250,6179995.0
891,2023-04-15 17:55:10.089030,6179995.0
892,2023-04-15 17:55:11.133761,6179995.0
893,2023-04-15 17:55:11.946524,6179995.0
894,2023-04-15 17:55:12.679281,6179995.0
895,2023-04-15 17:55:13.643504,6179995.0
896,2023-04-15 17:55:18.205518,6179995.0
897,2023-04-15 17:55:26.858111,6179995.0
898,2023-04-15 17:55:27.792807,6179995.0
899,2023-04-15 17:55:28.245564,6179995.0
900,2023-04-15 17:55:28.750323,6179995.0
901,2023-04-15 17:55:29.264631,6179995.0
902,2023-04-15 17:55:30.378246,6179995.0
903,2023-04-15 17:55:30.893818,6179995.0
904,2023-04-15 17:55:31.367112,6179995.0
905,2023-04-15 17:55:32.185364,6179995.0
906,2023-04-15 17:55:32.956719,6179995.0
907,2023-04-15 17:55:34.328725,6179995.0
908,2023-04-15 17:55:38.856930,6179995.0
909,2023-04-15 17:55:39.327732,6179995.0
910,2023-04-15 17:55:40.618636,6179995.0
911,2023-04-15 17:55:41.063114,6179995.0
912,2023-04-15 17:55:41.894806,6179995.0
913,2023-04-15 17:55:43.512418,6179995.0
914,2023-04-15 17:55:43.975377,6179995.0
915,2023-04-15 17:55:49.138398,6179994.0
916,2023-04-15 17:56:19.144243,6179994.0
917,2023-04-15 17:56:19.635130,6179994.0
918,2023-04-15 17:56:22.840034,6179994.0
919,2023-04-15 17:56:26.215644,6179994.0
920,2023-04-15 17:56:30.314381,6179994.0
921,2023-04-15 17:56:33.258473,6179994.0
922,2023-04-15 17:56:35.392857,6179994.0
923,2023-04-15 17:56:38.172855,6179993.0
924,2023-04-15 17:56:39.366443,6179993.0
925,2023-04-15 17:56:40.282331,6179993.0
926,2023-04-15 17:56:40.715959,6179993.0
927,2023-04-15 17:56:41.184486,6179993.0
928,2023-04-15 17:56:43.999867,6179993.0
929,2023-04-15 17:56:45.287770,6179993.0
930,2023-04-15 17:56:46.970684,6179993.0
931,2023-04-15 17:56:47.856843,6179993.0
932,2023-04-15 17:56:52.870903,6179993.0
933,2023-04-15 17:56:54.800615,6179993.0
934,2023-04-15 17:56:55.495729,6179993.0
935,2023-04-15 17:56:57.754942,6179993.0
936,2023-04-15 17:57:01.705019,6179993.0
937,2023-04-15 17:57:03.569018,6179993.0
938,2023-04-15 17:57:08.643352,6179993.0
939,2023-04-15 17:57:10.875235,6179993.0
940,2023-04-15 17:57:13.630450,6179993.0
941,2023-04-15 17:57:15.361850,6179993.0
942,2023-04-15 17:57:17.277384,6179993.0
943,2023-04-15 17:57:29.555607,6179993.0
944,2023-04-15 17:57:32.073292,6179993.0
945,2023-04-15 17:57:39.656274,6179993.0
946,2023-04-16 22:46:02.416986,6180983.0
947,2023-04-16 22:46:05.192330,6180983.0
948,2023-04-16 22:46:07.379221,6180983.0
949,2023-04-16 22:46:09.358928,6180983.0
950,2023-04-16 22:46:12.122956,6180983.0
951,2023-04-16 22:46:13.462295,6180983.0
952,2023-04-16 22:46:16.037585,6180983.0
953,2023-04-16 22:46:21.241013,6180983.0
954,2023-04-16 22:46:22.228399,6180983.0
955,2023-04-16 22:46:25.473221,6180983.0
956,2023-04-16 22:46:27.058845,6180983.0
957,2023-04-16 22:46:30.950362,6180983.0
958,2023-04-16 22:46:32.192908,6180983.0
959,2023-04-16 22:46:32.707923,6180983.0
960,2023-04-16 22:46:33.327984,6180983.0
961,2023-04-16 22:46:34.441855,6180983.0
962,2023-04-16 22:46:38.896989,6180983.0
963,2023-04-16 22:46:43.500185,6180983.0
964,2023-04-16 22:46:46.771408,6180983.0
965,2023-04-16 22:46:47.247569,6180983.0
966,2023-04-16 22:46:49.960037,6180983.0
967,2023-04-16 22:46:51.301628,6180983.0
968,2023-04-16 22:46:51.789261,6180983.0
969,2023-04-16 22:46:52.257395,6180983.0
970,2023-04-16 22:46:52.763767,6180983.0
971,2023-04-16 22:46:54.186820,6180983.0
972,2023-04-16 22:46:55.652068,6180982.0
973,2023-04-16 22:46:56.613497,6180982.0
974,2023-04-16 22:46:57.527326,6180982.0
975,2023-04-16 22:47:00.306888,6180982.0
976,2023-04-16 22:47:03.197662,6180982.0
977,2023-04-16 22:47:03.655762,6180982.0
978,2023-04-16 22:47:04.582086,6180982.0
979,2023-04-16 22:47:06.742822,6180982.0
980,2023-04-16 22:47:07.603485,6180982.0
981,2023-04-16 22:47:09.547856,6180982.0
982,2023-04-16 22:47:10.170124,6180982.0
983,2023-04-16 22:47:12.671293,6180982.0
984,2023-04-16 22:47:14.696223,6180982.0
985,2023-04-16 22:47:15.331044,6180982.0
986,2023-04-16 22:47:20.454278,6180982.0
987,2023-04-16 22:47:24.360914,6180982.0
988,2023-04-16 22:47:25.133373,6180982.0
989,2023-04-16 22:47:25.618943,6180982.0
990,2023-04-16 22:47:28.404569,6180982.0
991,2023-04-16 22:47:30.020029,6180982.0
992,2023-04-16 22:47:36.216380,6180982.0
993,2023-04-16 22:47:43.229692,6180982.0
994,2023-04-16 22:47:44.692728,6180982.0
995,2023-04-16 22:47:47.821357,6180982.0
996,2023-04-16 22:47:50.266928,6180982.0
997,2023-04-16 22:47:51.978632,6180982.0
998,2023-04-16 22:47:53.845196,6180982.0
999,2023-04-16 22:47:54.781583,6180981.0
1000,2023-04-16 22:47:55.261518,6180981.0
1001,2023-04-16 22:47:56.422417,6180981.0
1002,2023-04-16 22:47:56.958703,6180981.0
1003,2023-04-16 22:47:58.985267,6180981.0
1004,2023-04-16 22:47:59.448658,6180981.0
1005,2023-04-16 22:48:01.207968,6180981.0
1006,2023-04-16 22:48:01.793423,6180981.0
1007,2023-04-16 22:48:02.544224,6180981.0
1008,2023-04-16 22:48:04.225264,6180981.0
1009,2023-04-16 22:48:05.308697,6180981.0
1010,2023-04-16 22:48:06.050758,6180981.0
1011,2023-04-16 22:48:06.567075,6180981.0
1012,2023-04-16 22:48:07.029749,6180981.0
1013,2023-04-16 22:48:10.946612,6180981.0
1014,2023-04-16 22:48:11.456084,6180981.0
1015,2023-04-16 22:48:14.017474,6180981.0
1016,2023-04-16 22:48:14.474767,6180981.0
1017,2023-04-16 22:48:15.382728,6180981.0
1018,2023-04-16 22:48:15.844307,6180981.0
1019,2023-04-16 22:48:17.596093,6180981.0
1020,2023-04-16 22:48:18.712830,6180981.0
1021,2023-04-16 22:48:22.028709,6180981.0
1022,2023-04-16 22:48:27.900828,6180981.0
1023,2023-04-16 22:48:28.794979,6180981.0
1024,2023-04-16 22:48:31.139651,6180981.0
1025,2023-04-16 22:48:33.811947,6180981.0
1026,2023-04-16 22:48:34.776576,6180981.0
1027,2023-04-16 22:48:37.531107,6180981.0
1028,2023-04-16 22:48:39.629782,6180981.0
1029,2023-04-16 22:48:40.462564,6180981.0
1030,2023-04-16 22:48:41.387646,6180981.0
1031,2023-04-16 22:48:43.387154,6180981.0
1032,2023-04-16 22:48:44.249476,6180981.0
1033,2023-04-16 22:48:45.920470,6180981.0
1034,2023-04-16 22:48:46.439585,6180981.0
1035,2023-04-16 22:48:48.653121,6180981.0
1036,2023-04-16 22:49:00.630200,6180981.0
1037,2023-04-16 22:49:01.199851,6180981.0
1038,2023-04-16 22:49:02.946021,6180981.0
1039,2023-04-16 22:49:03.404607,6180981.0
1040,2023-04-16 22:49:04.835355,6180981.0
1041,2023-04-16 22:49:05.253533,6180981.0
1042,2023-04-16 22:49:07.964276,6180981.0
1043,2023-04-16 22:49:10.413776,6180981.0
1044,2023-04-16 22:49:17.724677,6180981.0
1045,2023-04-16 22:49:18.668574,6180981.0
1046,2023-04-16 22:49:20.523133,6180981.0
1047,2023-04-16 22:49:21.146420,6180981.0
1048,2023-04-16 22:49:23.463581,6180981.0
1049,2023-04-16 22:49:25.505330,6180981.0
1050,2023-04-16 22:49:26.738256,6180981.0
1051,2023-04-16 22:49:28.422423,6180981.0
1052,2023-04-16 22:49:28.887733,6180981.0
1053,2023-04-16 22:49:29.968979,6180981.0
1054,2023-04-16 22:49:31.359472,6180981.0
1055,2023-04-16 22:49:31.826440,6180981.0
1056,2023-04-16 22:49:33.136241,6180981.0
1057,2023-04-16 22:49:33.978579,6180981.0
1058,2023-04-16 22:49:35.498663,6180981.0
1059,2023-04-16 22:49:38.751704,6180981.0
1060,2023-04-16 22:49:39.311893,6180981.0
1061,2023-04-16 22:49:39.794744,6180981.0
1062,2023-04-16 22:49:43.760329,6180981.0
1063,2023-04-16 22:49:45.369912,6180981.0
1064,2023-04-16 22:49:46.408751,6180981.0
1065,2023-04-16 22:49:48.168129,6180981.0
1066,2023-04-16 22:49:51.174236,6180981.0
1067,2023-04-16 22:49:52.246003,6180981.0
1068,2023-04-16 22:49:52.704899,6180981.0
1069,2023-04-16 22:50:01.113576,6180981.0
1070,2023-04-16 22:50:01.619348,6180981.0
1071,2023-04-16 22:50:02.428838,6180981.0
1072,2023-04-16 22:50:06.069396,6180980.0
1073,2023-04-16 22:50:07.198259,6180980.0
1074,2023-04-16 22:50:09.644693,6180980.0
1075,2023-04-16 22:50:10.558598,6180980.0
1076,2023-04-16 22:50:11.414849,6180980.0
1077,2023-04-16 22:50:12.802579,6180980.0
1078,2023-04-16 22:50:15.113007,6180980.0
1079,2023-04-16 22:50:16.806381,6180980.0
1080,2023-04-16 22:50:17.705325,6180980.0
1081,2023-04-16 22:50:20.241380,6180980.0
1082,2023-04-16 22:50:21.988631,6180980.0
1083,2023-04-16 22:50:23.453504,6180980.0
1084,2023-04-16 22:50:24.900761,6180980.0
1085,2023-04-16 22:50:25.389946,6180980.0
1086,2023-04-16 22:50:27.588996,6180979.0
1087,2023-04-16 22:50:35.153257,6180979.0
1088,2023-04-16 22:50:37.183103,6180979.0
1089,2023-04-16 22:50:37.759390,6180979.0
1090,2023-04-16 22:50:38.655456,6180979.0
1091,2023-04-16 22:50:43.664134,6180979.0
1092,2023-04-16 22:50:45.040334,6180979.0
1093,2023-04-16 22:50:50.272793,6180979.0
1094,2023-04-16 22:50:52.318308,6180979.0
1095,2023-04-16 22:50:53.280135,6180979.0
1096,2023-04-16 22:50:54.425766,6180979.0
1097,2023-04-16 22:51:03.089979,6180980.0
1098,2023-04-16 22:51:05.004996,6180980.0
1099,2023-04-16 22:51:08.687949,6180980.0
1100,2023-04-16 22:51:12.022177,6180980.0
1101,2023-04-16 22:51:13.753050,6180980.0
1102,2023-04-16 22:51:19.884475,6180980.0
1103,2023-04-16 22:51:22.510325,6180980.0
1104,2023-04-16 22:51:24.734630,6180980.0
1105,2023-04-16 22:51:27.107898,6180980.0
1106,2023-04-16 22:51:29.258002,6180980.0
1107,2023-04-16 22:51:30.620293,6180980.0
1108,2023-04-16 22:51:33.417429,6180980.0
1109,2023-04-16 22:51:35.812204,6180980.0
1110,2023-04-16 22:51:36.904085,6180980.0
1111,2023-04-16 22:51:37.484853,6180980.0
1112,2023-04-16 22:51:37.940182,6180980.0
1113,2023-04-16 22:51:39.244936,6180980.0
1114,2023-04-16 22:51:39.942304,6180980.0
1115,2023-04-16 22:51:44.778110,6180981.0
1116,2023-04-16 22:51:45.330217,6180981.0
1117,2023-04-16 22:51:49.540785,6180981.0
1118,2023-04-16 22:51:50.010154,6180981.0
1119,2023-04-16 22:51:52.600742,6180981.0
1120,2023-04-16 22:51:53.916704,6180981.0
1121,2023-04-16 22:51:55.733196,6180980.0
1122,2023-04-16 22:51:58.111287,6180980.0
1123,2023-04-16 22:52:01.781453,6180980.0
1124,2023-04-16 22:52:02.796922,6180980.0
1125,2023-04-16 22:52:04.647850,6180980.0
1126,2023-04-16 22:52:11.362626,6180980.0
1127,2023-04-16 22:52:17.350535,6180980.0
1128,2023-04-16 22:52:17.848269,6180980.0
1129,2023-04-16 22:52:18.907005,6180980.0
1130,2023-04-16 22:52:21.864229,6180980.0
1131,2023-04-16 22:52:24.391801,6180980.0
1132,2023-04-16 22:52:24.978779,6180980.0
1133,2023-04-16 22:52:26.648699,6180980.0
1134,2023-04-16 22:52:27.690812,6180980.0
1135,2023-04-16 22:52:28.464236,6180980.0
1136,2023-04-16 22:52:28.925387,6180980.0
1137,2023-04-16 22:52:30.260106,6180980.0
1138,2023-04-16 22:52:34.784622,6180980.0
1139,2023-04-16 22:52:39.058245,6180981.0
1140,2023-04-16 22:52:41.873716,6180981.0
1141,2023-04-16 22:52:43.387616,6180981.0
1142,2023-04-16 22:52:47.018586,6180981.0
1143,2023-04-16 22:52:47.554605,6180981.0
1144,2023-04-16 22:52:49.833388,6180980.0
1145,2023-04-16 22:52:50.578501,6180980.0
1146,2023-04-16 22:52:52.715683,6180980.0
1147,2023-04-16 22:52:53.173623,6180980.0
1148,2023-04-16 22:52:53.813791,6180980.0
1149,2023-04-16 22:52:54.289408,6180980.0
1150,2023-04-16 22:52:54.786361,6180980.0
1151,2023-04-16 22:52:55.257605,6180980.0
1152,2023-04-16 22:52:56.210016,6180980.0
1153,2023-04-16 22:52:57.053547,6180980.0
1154,2023-04-16 22:52:58.822493,6180980.0
1155,2023-04-16 22:52:59.673631,6180980.0
1156,2023-04-16 22:53:00.163399,6180980.0
1157,2023-04-16 22:53:00.646555,6180980.0
1158,2023-04-16 22:53:01.450825,6180980.0
1159,2023-04-16 22:53:02.281125,6180980.0
1160,2023-04-16 22:53:02.803855,6180980.0
1161,2023-04-16 22:53:03.577925,6180980.0
1162,2023-04-16 22:53:04.094311,6180980.0
1163,2023-04-16 22:53:06.245569,6180980.0
1164,2023-04-16 22:53:07.256156,6180980.0
1165,2023-04-16 22:53:07.768630,6180980.0
1166,2023-04-16 22:53:08.322802,6180980.0
1167,2023-04-16 22:53:08.798878,6180980.0
1168,2023-04-16 22:53:10.026160,6180980.0
1169,2023-04-16 22:53:10.702874,6180980.0
1170,2023-04-16 22:53:11.320598,6180980.0
1171,2023-04-16 22:53:12.536296,6180980.0
1172,2023-04-16 22:53:13.497297,6180980.0
1173,2023-04-16 22:53:13.957940,6180980.0
1174,2023-04-16 22:53:14.742414,6180980.0
1175,2023-04-16 22:53:15.493337,6180980.0
1176,2023-04-16 22:53:17.527675,6180980.0
1177,2023-04-16 22:53:18.504543,6180979.0
1178,2023-04-16 22:53:20.495192,6180980.0
1179,2023-04-16 22:53:21.604657,6180980.0
1180,2023-04-16 22:53:22.653457,6180980.0
1181,2023-04-16 22:53:23.753293,6180980.0
1182,2023-04-16 22:53:24.223195,6180980.0
1183,2023-04-16 22:53:27.035989,6180980.0
1184,2023-04-16 22:53:27.996164,6180980.0
1185,2023-04-16 22:53:28.661026,6180980.0
1186,2023-04-16 22:53:29.144132,6180980.0
1187,2023-04-16 22:53:29.663036,6180980.0
1188,2023-04-16 22:53:30.438605,6180980.0
1189,2023-04-16 22:53:31.088997,6180980.0
1190,2023-04-16 22:53:32.075545,6180980.0
1191,2023-04-16 22:53:32.731226,6180979.0
1192,2023-04-16 22:53:33.354620,6180980.0
1193,2023-04-16 22:53:34.048030,6180979.0
1194,2023-04-16 22:53:34.655663,6180979.0
1195,2023-04-16 22:53:35.695980,6180979.0
1196,2023-04-16 22:53:36.640093,6180980.0
1197,2023-04-16 22:53:37.342014,6180979.0
1198,2023-04-16 22:53:38.029558,6180980.0
1199,2023-04-16 22:53:38.730143,6180980.0
1200,2023-04-16 22:53:39.847464,6180981.0
1201,2023-04-16 22:53:40.554090,6180980.0
1202,2023-04-16 22:53:41.079628,6180980.0
1203,2023-04-16 22:53:41.926618,6180980.0
1204,2023-04-16 22:53:44.676012,6180980.0
1205,2023-04-16 22:53:45.453494,6180980.0
1206,2023-04-16 22:53:46.389581,6180980.0
1207,2023-04-16 22:53:47.378926,6180980.0
1208,2023-04-16 22:53:47.817345,6180980.0
1209,2023-04-16 22:53:48.878503,6180979.0
1210,2023-04-16 22:53:49.509604,6180979.0
1211,2023-04-16 22:53:49.983086,6180979.0
1212,2023-04-16 22:53:51.304885,6180979.0
1213,2023-04-16 22:53:52.307893,6180979.0
1214,2023-04-16 22:53:52.948159,6180979.0
1215,2023-04-16 22:53:53.870353,6180979.0
1216,2023-04-16 22:53:55.025017,6180979.0
1217,2023-04-16 22:53:55.485000,6180979.0
1218,2023-04-16 22:53:56.265563,6180979.0
1219,2023-04-16 22:53:58.125181,6180979.0
1220,2023-04-16 22:53:58.659761,6180979.0
1221,2023-04-16 22:53:59.442091,6180979.0
1222,2023-04-16 22:53:59.920613,6180979.0
1223,2023-04-16 22:54:01.856098,6180979.0
1224,2023-04-16 22:54:02.329663,6180979.0
1225,2023-04-16 22:54:02.866299,6180979.0
1226,2023-04-16 22:54:03.650733,6180979.0
1227,2023-04-16 22:54:07.156629,6180979.0
1228,2023-04-16 22:54:08.878942,6180979.0
1229,2023-04-16 22:54:09.635060,6180979.0
1230,2023-04-16 22:54:11.838177,6180978.0
1231,2023-04-16 22:54:12.279822,6180978.0
1232,2023-04-16 22:54:16.466672,6180979.0
1233,2023-04-16 22:54:17.261006,6180979.0
1234,2023-04-16 22:54:18.996094,6180979.0
1235,2023-04-16 22:54:24.305202,6180979.0
1236,2023-04-16 22:54:25.967716,6180979.0
1237,2023-04-16 22:54:26.878589,6180979.0
1238,2023-04-16 22:54:27.622721,6180979.0
1239,2023-04-16 22:54:29.212171,6180979.0
1240,2023-04-16 22:54:29.741733,6180979.0
1241,2023-04-16 22:54:30.522125,6180979.0
1242,2023-04-16 22:54:31.995061,6180979.0
1243,2023-04-16 22:54:32.901296,6180979.0
1244,2023-04-16 22:54:33.410019,6180979.0
1245,2023-04-16 22:54:38.720785,6180979.0
1246,2023-04-16 22:54:40.107331,6180979.0
1247,2023-04-16 22:54:41.387755,6180979.0
1248,2023-04-16 22:54:44.407942,6180979.0
1249,2023-04-16 22:54:44.906281,6180979.0
1250,2023-04-16 22:54:46.585076,6180979.0
1251,2023-04-16 22:54:48.051966,6180979.0
1252,2023-04-16 22:54:54.023043,6180980.0
1253,2023-04-16 22:54:54.997633,6180980.0
1254,2023-04-16 22:54:56.265882,6180980.0
1255,2023-04-16 22:55:03.667623,6180980.0
1256,2023-04-16 22:55:04.594426,6180980.0
1257,2023-04-16 22:55:06.258505,6180980.0
1258,2023-04-16 22:55:11.845861,6180980.0
1259,2023-04-16 22:55:12.349388,6180980.0
1260,2023-04-16 22:55:13.083762,6180980.0
1261,2023-04-16 22:55:15.711857,6180980.0
1262,2023-04-16 22:55:16.657826,6180980.0
1263,2023-04-19 16:40:46.308976,6181631.0
1264,2023-04-19 16:40:51.105090,6181631.0
1265,2023-04-19 16:40:53.961912,6181631.0
1266,2023-04-19 16:40:55.441647,6181631.0
1267,2023-04-19 16:41:01.779964,6181631.0
1268,2023-04-19 16:41:06.815808,6181631.0
1269,2023-04-19 16:41:08.043902,6181631.0
1270,2023-04-19 16:41:11.701564,6181631.0
1271,2023-04-19 16:41:13.242881,6181631.0
1272,2023-04-19 16:41:27.000787,6181631.0
1273,2023-04-19 16:41:29.979705,6181631.0
1274,2023-04-19 16:41:39.060351,6181632.0
1275,2023-04-19 16:41:42.381146,6181632.0
1276,2023-04-19 16:41:43.281169,6181632.0
1277,2023-04-19 16:41:56.801399,6181632.0
1278,2023-04-19 16:41:58.403894,6181632.0
1279,2023-04-19 16:42:03.283410,6181633.0
1280,2023-04-19 16:42:06.426810,6181633.0
1281,2023-04-19 16:42:08.619018,6181633.0
1282,2023-04-19 16:42:14.248276,6181633.0
1283,2023-04-19 16:42:18.104129,6181633.0
1284,2023-04-19 16:42:21.629061,6181633.0
1285,2023-04-19 16:42:22.632456,6181633.0
1286,2023-04-19 16:42:24.701693,6181633.0
1287,2023-04-19 16:42:28.032742,6181633.0
1288,2023-04-19 16:42:32.259655,6181633.0
1289,2023-04-19 16:42:35.153967,6181632.0
1290,2023-04-19 16:42:36.114927,6181632.0
1291,2023-04-19 16:42:37.056889,6181632.0
1292,2023-04-19 16:42:38.508979,6181632.0
1293,2023-04-19 16:42:41.847631,6181632.0
1294,2023-04-19 16:42:44.740265,6181632.0
1295,2023-04-19 16:42:46.783778,6181632.0
1296,2023-04-19 16:42:51.082873,6181632.0
1297,2023-04-19 16:42:54.198127,6181631.0
1298,2023-04-19 16:42:55.867214,6181631.0
1299,2023-04-19 16:42:57.814370,6181631.0
1300,2023-04-19 16:43:00.958930,6181631.0
1301,2023-04-19 16:43:03.649122,6181631.0
1302,2023-04-19 16:43:04.792141,6181631.0
1303,2023-04-19 16:43:06.829903,6181631.0
1304,2023-04-19 16:43:11.620969,6181631.0
1305,2023-04-19 16:43:13.951875,6181631.0
1306,2023-04-19 16:43:19.073903,6181631.0
1307,2023-04-19 16:43:20.093067,6181631.0
1308,2023-04-19 16:43:28.743444,6181631.0
1309,2023-04-19 16:43:30.321411,6181631.0
1310,2023-04-19 16:43:34.402926,6181631.0
1311,2023-04-19 16:43:35.719035,6181631.0
1312,2023-04-19 16:43:45.309746,6181631.0
1313,2023-04-19 16:43:48.888408,6181631.0
1314,2023-04-19 16:43:50.140214,6181631.0
1315,2023-04-19 16:43:59.174442,6181631.0
1316,2023-04-19 16:44:00.591465,6181631.0
1317,2023-04-19 16:44:03.957884,6181631.0
1318,2023-04-19 16:44:07.097785,6181631.0
1319,2023-04-19 16:44:10.138121,6181631.0
1320,2023-04-19 16:44:11.835260,6181631.0
1321,2023-04-19 16:44:14.917189,6181631.0
1322,2023-04-19 16:44:18.615967,6181631.0
1323,2023-04-19 16:44:22.943426,6181631.0
1324,2023-04-19 16:44:26.312062,6181631.0
1325,2023-04-19 16:44:34.421169,6181631.0
1326,2023-04-19 16:44:36.897095,6181632.0
1327,2023-04-19 16:44:38.105155,6181632.0
1328,2023-04-19 16:44:39.636038,6181631.0
1329,2023-04-19 16:44:40.813056,6181631.0
1330,2023-04-19 16:44:46.986382,6181631.0
1331,2023-04-19 16:44:48.988568,6181631.0
1332,2023-04-19 16:44:50.681322,6181631.0
1333,2023-04-19 16:44:51.754047,6181631.0
1334,2023-04-19 16:44:55.572425,6181631.0
1335,2023-04-19 16:45:00.333504,6181631.0
1336,2023-04-19 16:45:03.089463,6181631.0
1337,2023-04-19 16:45:04.517258,6181631.0
1338,2023-04-19 16:45:08.130590,6181631.0
1339,2023-04-19 16:45:09.750456,6181631.0
1340,2023-04-19 16:45:11.090970,6181631.0
1341,2023-04-19 16:45:14.543666,6181631.0
1342,2023-04-19 16:45:15.458135,6181631.0
1343,2023-04-19 16:45:19.714681,6181631.0
1344,2023-04-19 16:45:24.087368,6181632.0
1345,2023-04-19 16:45:25.902768,6181632.0
1346,2023-04-19 16:45:26.881294,6181632.0
1347,2023-04-19 16:45:29.562448,6181632.0
1348,2023-04-19 16:45:31.694539,6181632.0
1349,2023-04-19 16:45:33.102022,6181632.0
1350,2023-04-19 16:45:35.363095,6181632.0
1351,2023-04-19 16:45:39.290699,6181632.0
1352,2023-04-19 16:45:40.532968,6181632.0
1353,2023-04-19 16:45:43.785827,6181632.0
1354,2023-04-19 16:45:49.003419,6181632.0
1355,2023-04-19 16:45:51.237940,6181632.0
1356,2023-04-19 16:45:52.458653,6181632.0
1357,2023-04-19 16:45:53.943680,6181632.0
1358,2023-04-19 16:45:56.143365,6181632.0
1359,2023-04-19 16:45:58.669302,6181632.0
1360,2023-04-19 16:46:09.952245,6181632.0
1361,2023-04-19 16:46:11.483024,6181632.0
1362,2023-04-19 16:46:15.537911,6181632.0
1363,2023-04-19 16:46:16.680101,6181632.0
1364,2023-04-19 16:46:17.340804,6181632.0
1365,2023-04-19 16:46:18.610626,6181632.0
1366,2023-04-19 16:46:20.826565,6181632.0
1367,2023-04-19 16:46:22.033063,6181632.0
1368,2023-04-19 16:46:24.181141,6181632.0
1369,2023-04-19 16:46:25.118996,6181632.0
1370,2023-04-19 16:46:26.253487,6181632.0
1371,2023-04-19 16:46:27.182185,6181632.0
1372,2023-04-19 16:46:28.018939,6181632.0
1373,2023-04-19 16:46:29.828066,6181632.0
1374,2023-04-19 16:46:32.502711,6181632.0
1375,2023-04-19 16:46:33.860394,6181632.0
1376,2023-04-19 16:46:35.025822,6181632.0
1377,2023-04-19 16:46:38.530156,6181632.0
1378,2023-04-19 16:46:39.755405,6181632.0
