,stream_date,value
0,2023-03-20,0.0
1,2023-03-20,0.0
2,2023-03-20,0.0
3,2023-03-20,0.3333333333333333
4,2023-03-20,0.0
5,2023-03-20,0.0
6,2023-03-20,0.0
7,2023-03-20,-1.0
8,2023-03-20,1.0
9,2023-03-20,0.5
10,2023-03-20,0.0
11,2023-03-20,0.25
12,2023-03-20,0.5
13,2023-03-20,1.0
14,2023-03-20,0.0
15,2023-03-20,-1.0
16,2023-03-20,0.0
17,2023-03-20,0.0
18,2023-03-20,-1.0
19,2023-03-20,1.0
20,2023-03-20,0.8
21,2023-03-20,0.75
22,2023-03-20,0.0
23,2023-03-20,0.1
24,2023-03-20,0.14285714285714285
25,2023-03-20,0.25
26,2023-03-20,0.2857142857142857
27,2023-03-20,0.0
28,2023-03-20,0.0
29,2023-03-20,0.0
30,2023-03-20,0.4
31,2023-03-20,0.0
32,2023-03-20,0.5
33,2023-03-20,0.5
34,2023-03-20,1.0
35,2023-03-20,0.5
36,2023-03-20,0.5
37,2023-03-20,0.42857142857142855
38,2023-03-20,0.3
39,2023-03-20,0.0
40,2023-03-20,0.25
41,2023-03-20,-0.2
42,2023-03-20,-1.0
43,2023-03-20,0.0
44,2023-03-20,0.0
45,2023-03-20,0.2
46,2023-03-20,0.0
47,2023-03-20,-0.3333333333333333
48,2023-03-20,-0.3333333333333333
49,2023-03-20,-0.5
50,2023-03-20,0.3333333333333333
51,2023-03-20,0.0
52,2023-03-20,0.5
53,2023-03-20,-0.3333333333333333
54,2023-03-20,0.0
55,2023-03-20,0.25
56,2023-03-20,-0.3333333333333333
57,2023-03-20,-0.2
58,2023-03-20,1.0
59,2023-03-20,0.25
60,2023-04-15,0.25
61,2023-04-15,0.0
62,2023-04-15,-0.3333333333333333
63,2023-04-15,0.4
64,2023-04-15,-0.3333333333333333
65,2023-04-15,-0.4
66,2023-04-15,0.16666666666666666
67,2023-04-15,0.0
68,2023-04-15,0.0
69,2023-04-15,-0.4
70,2023-04-15,0.0
71,2023-04-15,1.0
72,2023-04-15,1.0
73,2023-04-15,-0.3333333333333333
74,2023-04-15,0.0
75,2023-04-15,0.5
76,2023-04-15,0.3333333333333333
77,2023-04-15,0.5
78,2023-04-15,0.6666666666666666
79,2023-04-15,0.6666666666666666
80,2023-04-15,0.6666666666666666
81,2023-04-15,0.6666666666666666
82,2023-04-15,1.0
83,2023-04-15,0.5
84,2023-04-15,-0.42857142857142855
85,2023-04-15,0.5
86,2023-04-15,0.0
87,2023-04-15,0.6
88,2023-04-15,0.0
89,2023-04-15,1.0
90,2023-04-15,0.8333333333333334
91,2023-04-15,0.25
92,2023-04-15,0.3333333333333333
93,2023-04-15,1.0
94,2023-04-15,0.25
95,2023-04-15,-0.5
96,2023-04-15,0.3333333333333333
97,2023-04-15,0.0
98,2023-04-15,0.5
99,2023-04-15,0.8
100,2023-04-15,0.3333333333333333
101,2023-04-15,0.4
102,2023-04-15,0.3333333333333333
103,2023-04-15,1.0
104,2023-04-15,0.4
105,2023-04-15,1.0
106,2023-04-15,0.0
107,2023-04-15,0.0
108,2023-04-15,0.0
109,2023-04-15,0.6666666666666666
110,2023-04-15,0.0
111,2023-04-15,0.25
112,2023-04-15,1.0
113,2023-04-15,0.0
114,2023-04-15,0.6666666666666666
115,2023-04-15,0.6666666666666666
116,2023-04-15,-1.0
117,2023-04-15,0.6
118,2023-04-15,1.0
119,2023-04-15,1.0
120,2023-04-15,1.0
121,2023-04-15,0.4
122,2023-04-15,1.0
123,2023-04-15,1.0
124,2023-04-15,1.0
125,2023-04-15,0.8
126,2023-04-15,0.75
127,2023-04-15,1.0
128,2023-04-15,1.0
129,2023-04-15,0.0
130,2023-04-15,0.625
131,2023-04-15,1.0
132,2023-04-15,1.0
133,2023-04-15,-0.5
134,2023-04-15,-0.3333333333333333
135,2023-04-15,0.75
136,2023-04-15,-1.0
137,2023-04-15,-0.3333333333333333
138,2023-04-15,0.16666666666666666
139,2023-04-15,0.5714285714285714
140,2023-04-15,0.2
141,2023-04-15,0.0
142,2023-04-15,0.4444444444444444
143,2023-04-15,0.5714285714285714
144,2023-04-15,0.2
145,2023-04-15,0.16666666666666666
146,2023-04-15,-0.3333333333333333
147,2023-04-15,-0.375
148,2023-04-15,-0.18181818181818182
149,2023-04-15,-0.25
150,2023-04-15,0.0
151,2023-04-15,0.6666666666666666
152,2023-04-15,-0.3333333333333333
153,2023-04-15,0.2857142857142857
154,2023-04-15,0.25
155,2023-04-15,0.6
156,2023-04-15,-0.25
157,2023-04-15,-0.2857142857142857
158,2023-04-15,-0.3333333333333333
159,2023-04-15,0.0
160,2023-04-15,-0.2
161,2023-04-15,0.0
162,2023-04-15,0.0
163,2023-04-15,0.5
164,2023-04-15,0.0
165,2023-04-15,-0.2857142857142857
166,2023-04-15,-0.3333333333333333
167,2023-04-15,0.0
168,2023-04-15,-1.0
169,2023-04-15,0.0
170,2023-04-15,0.0
171,2023-04-15,0.3333333333333333
172,2023-04-15,-0.16666666666666666
173,2023-04-15,0.14285714285714285
174,2023-04-15,0.0
175,2023-04-15,-0.2857142857142857
176,2023-04-15,-0.2727272727272727
177,2023-04-15,0.5
178,2023-04-15,0.5
179,2023-04-15,0.5
180,2023-04-15,0.5
181,2023-04-15,0.0
182,2023-04-15,0.0
183,2023-04-15,-0.5555555555555556
184,2023-04-15,0.0
185,2023-04-15,0.0
186,2023-04-15,-0.5714285714285714
187,2023-04-15,-0.25
188,2023-04-15,-0.7142857142857143
189,2023-04-15,-0.75
190,2023-04-15,0.0
191,2023-04-15,-0.25
192,2023-04-15,-0.1111111111111111
193,2023-04-15,-0.1
194,2023-04-15,-0.391304347826087
195,2023-04-15,-1.0
196,2023-04-15,-0.75
197,2023-04-15,0.42857142857142855
198,2023-04-15,-0.15384615384615385
199,2023-04-15,-0.5
200,2023-04-15,-0.4444444444444444
201,2023-04-15,-0.1111111111111111
202,2023-04-15,-0.25
203,2023-04-15,-0.6666666666666666
204,2023-04-15,0.0
205,2023-04-15,-0.3333333333333333
206,2023-04-15,-0.5
207,2023-04-15,0.0
208,2023-04-15,1.0
209,2023-04-15,0.2857142857142857
210,2023-04-15,0.25
211,2023-04-15,-0.2
212,2023-04-15,0.0
213,2023-04-15,0.0
214,2023-04-15,-0.5
215,2023-04-15,0.5
216,2023-04-15,0.0
217,2023-04-15,0.0
218,2023-04-15,0.0
219,2023-04-15,0.2
220,2023-04-15,-0.3333333333333333
221,2023-04-15,-0.14285714285714285
222,2023-04-15,0.0
223,2023-04-15,0.0
224,2023-04-15,0.0
225,2023-04-15,-0.3333333333333333
226,2023-04-15,-0.25
227,2023-04-15,0.5
228,2023-04-15,-0.5
229,2023-04-15,-0.3333333333333333
230,2023-04-15,1.0
231,2023-04-15,0.3333333333333333
232,2023-04-15,0.0
233,2023-04-15,-0.16666666666666666
234,2023-04-15,0.0
235,2023-04-15,0.0
236,2023-04-15,0.5
237,2023-04-15,-0.5
238,2023-04-15,0.0
239,2023-04-15,0.42857142857142855
240,2023-04-15,-0.125
241,2023-04-15,0.09090909090909091
242,2023-04-15,0.0
243,2023-04-15,-0.16666666666666666
244,2023-04-15,0.0
245,2023-04-15,0.5
246,2023-04-15,0.4444444444444444
247,2023-04-15,0.1
248,2023-04-15,0.1
249,2023-04-15,0.0
250,2023-04-15,-0.3333333333333333
251,2023-04-15,1.0
252,2023-04-15,0.25
253,2023-04-15,0.0
254,2023-04-15,0.3333333333333333
255,2023-04-15,0.0
256,2023-04-15,0.5
257,2023-04-15,0.5
258,2023-04-15,-0.4
259,2023-04-15,0.6666666666666666
260,2023-04-15,-0.2727272727272727
261,2023-04-15,0.0
262,2023-04-15,0.16666666666666666
263,2023-04-15,0.0
264,2023-04-15,-0.06666666666666667
265,2023-04-15,0.0
266,2023-04-15,-0.2
267,2023-04-15,0.1
268,2023-04-15,0.16666666666666666
269,2023-04-15,0.3333333333333333
270,2023-04-15,-0.1111111111111111
271,2023-04-15,0.0
272,2023-04-15,0.16666666666666666
273,2023-04-15,0.4
274,2023-04-15,-0.2727272727272727
275,2023-04-15,0.2
276,2023-04-15,0.2
277,2023-04-15,0.5
278,2023-04-15,0.75
279,2023-04-15,0.0
280,2023-04-15,0.25
281,2023-04-15,0.25
282,2023-04-15,-0.4
283,2023-04-15,0.3333333333333333
284,2023-04-15,0.0
285,2023-04-15,0.4
286,2023-04-15,-0.16666666666666666
287,2023-04-15,-0.5
288,2023-04-15,1.0
289,2023-04-15,0.0
290,2023-04-15,0.3333333333333333
291,2023-04-15,-0.3333333333333333
292,2023-04-15,0.0
293,2023-04-15,0.3333333333333333
294,2023-04-15,0.0
295,2023-04-15,0.0
296,2023-04-15,-0.25
297,2023-04-15,0.3333333333333333
298,2023-04-15,0.0
299,2023-04-15,-0.2857142857142857
300,2023-04-15,0.3333333333333333
301,2023-04-15,-0.3333333333333333
302,2023-04-15,-0.5
303,2023-04-15,0.25
304,2023-04-15,-0.7142857142857143
305,2023-04-15,-0.07692307692307693
306,2023-04-15,0.16666666666666666
307,2023-04-15,0.14285714285714285
308,2023-04-15,0.0
309,2023-04-15,0.4444444444444444
310,2023-04-15,0.2
311,2023-04-15,-0.5
312,2023-04-15,0.5
313,2023-04-15,0.0
314,2023-04-15,0.3333333333333333
315,2023-04-15,0.2
316,2023-04-15,0.16666666666666666
317,2023-04-15,0.5
318,2023-04-15,0.4
319,2023-04-15,0.2222222222222222
320,2023-04-15,0.0
321,2023-04-15,0.2
322,2023-04-15,-0.3333333333333333
323,2023-04-15,0.16666666666666666
324,2023-04-15,-0.5
325,2023-04-15,0.25
326,2023-04-15,0.42857142857142855
327,2023-04-15,0.0
328,2023-04-15,-1.0
329,2023-04-15,0.0
330,2023-04-15,-0.6666666666666666
331,2023-04-15,-0.5
332,2023-04-15,-0.25
333,2023-04-15,1.0
334,2023-04-15,-1.0
335,2023-04-15,0.3333333333333333
336,2023-04-15,-0.5
337,2023-04-15,0.0
338,2023-04-15,0.0
339,2023-04-15,0.2857142857142857
340,2023-04-15,0.0
341,2023-04-15,-0.3333333333333333
342,2023-04-15,-0.125
343,2023-04-15,-0.2
344,2023-04-15,0.0
345,2023-04-15,0.3333333333333333
346,2023-04-15,1.0
347,2023-04-15,0.0
348,2023-04-15,0.0
349,2023-04-15,0.0
350,2023-04-15,0.6666666666666666
351,2023-04-15,0.5
352,2023-04-15,0.75
353,2023-04-15,-1.0
354,2023-04-15,0.25
355,2023-04-15,0.0
356,2023-04-15,0.0
357,2023-04-15,0.5
358,2023-04-15,0.3333333333333333
359,2023-04-15,0.2
360,2023-04-15,-0.4
361,2023-04-15,0.0
362,2023-04-15,0.0
363,2023-04-15,1.0
364,2023-04-15,0.6666666666666666
365,2023-04-15,-0.3333333333333333
366,2023-04-15,0.0
367,2023-04-15,0.5
368,2023-04-15,1.0
369,2023-04-15,0.5
370,2023-04-15,0.25
371,2023-04-15,0.3333333333333333
372,2023-04-15,0.0
373,2023-04-15,0.5
374,2023-04-15,0.0
375,2023-04-15,1.0
376,2023-04-15,0.0
377,2023-04-15,1.0
378,2023-04-15,-1.0
379,2023-04-15,0.0
380,2023-04-15,0.0
381,2023-04-15,1.0
382,2023-04-15,0.0
383,2023-04-15,0.0
384,2023-04-15,1.0
385,2023-04-15,1.0
386,2023-04-15,0.6666666666666666
387,2023-04-15,0.0
388,2023-04-15,0.5
389,2023-04-15,1.0
390,2023-04-15,0.0
391,2023-04-15,1.0
392,2023-04-15,0.42857142857142855
393,2023-04-15,0.5
394,2023-04-15,0.6666666666666666
395,2023-04-15,1.0
396,2023-04-15,0.3333333333333333
397,2023-04-15,0.3333333333333333
398,2023-04-15,0.0
399,2023-04-15,1.0
400,2023-04-15,1.0
401,2023-04-15,1.0
402,2023-04-15,0.0
403,2023-04-15,-1.0
404,2023-04-15,0.0
405,2023-04-15,1.0
406,2023-04-15,0.2857142857142857
407,2023-04-15,0.3333333333333333
408,2023-04-15,-0.3333333333333333
409,2023-04-15,0.14285714285714285
410,2023-04-15,0.2222222222222222
411,2023-04-15,0.6
412,2023-04-15,0.5
413,2023-04-15,1.0
414,2023-04-15,-0.125
415,2023-04-15,0.4166666666666667
416,2023-04-15,0.2916666666666667
417,2023-04-15,0.5833333333333334
418,2023-04-15,0.3
419,2023-04-15,0.6
420,2023-04-15,1.0
421,2023-04-15,0.17647058823529413
422,2023-04-15,-0.16666666666666666
423,2023-04-15,-0.09090909090909091
424,2023-04-15,0.3
425,2023-04-15,-0.16666666666666666
426,2023-04-15,0.2857142857142857
427,2023-04-15,0.2857142857142857
428,2023-04-15,-0.047619047619047616
429,2023-04-15,0.0
430,2023-04-15,-0.2
431,2023-04-15,0.7142857142857143
432,2023-04-15,-0.3333333333333333
433,2023-04-15,0.06666666666666667
434,2023-04-15,0.14285714285714285
435,2023-04-15,-0.125
436,2023-04-15,0.25
437,2023-04-15,0.0
438,2023-04-15,0.0
439,2023-04-15,0.0
440,2023-04-15,0.6
441,2023-04-15,-0.2222222222222222
442,2023-04-15,0.75
443,2023-04-15,1.0
444,2023-04-15,0.25
445,2023-04-15,-0.3333333333333333
446,2023-04-15,0.2
447,2023-04-15,0.0
448,2023-04-15,1.0
449,2023-04-15,1.0
450,2023-04-15,0.5
451,2023-04-15,0.0
452,2023-04-15,0.2
453,2023-04-15,1.0
454,2023-04-15,0.14285714285714285
455,2023-04-15,0.2857142857142857
456,2023-04-15,-0.2
457,2023-04-15,0.14285714285714285
458,2023-04-15,-0.125
459,2023-04-15,-0.07692307692307693
460,2023-04-15,0.0
461,2023-04-15,-0.5
462,2023-04-15,-0.6666666666666666
463,2023-04-15,0.0
464,2023-04-15,0.1
465,2023-04-15,0.2
466,2023-04-15,0.0
467,2023-04-15,-0.2
468,2023-04-15,0.5
469,2023-04-15,-0.5
470,2023-04-15,0.2
471,2023-04-15,0.0
472,2023-04-15,0.6
473,2023-04-15,-0.3333333333333333
474,2023-04-15,1.0
475,2023-04-15,-0.6
476,2023-04-15,0.5
477,2023-04-15,0.0
478,2023-04-15,1.0
479,2023-04-15,-1.0
480,2023-04-15,-0.4
481,2023-04-15,0.0
482,2023-04-15,0.0
483,2023-04-15,1.0
484,2023-04-15,0.6666666666666666
485,2023-04-15,0.5
486,2023-04-15,0.5
487,2023-04-15,0.0
488,2023-04-15,1.0
489,2023-04-15,-0.14285714285714285
490,2023-04-15,1.0
491,2023-04-15,0.5
492,2023-04-15,0.5
493,2023-04-15,-0.5
494,2023-04-15,0.25
495,2023-04-15,0.3333333333333333
496,2023-04-15,0.0
497,2023-04-15,1.0
498,2023-04-15,0.0
499,2023-04-15,0.0
500,2023-04-15,1.0
501,2023-04-15,1.0
502,2023-04-15,-1.0
503,2023-04-15,0.0
504,2023-04-15,1.0
505,2023-04-15,0.0
506,2023-04-15,0.0
507,2023-04-15,0.4
508,2023-04-15,0.0
509,2023-04-15,0.6666666666666666
510,2023-04-15,0.2857142857142857
511,2023-04-15,0.0
512,2023-04-15,0.0
513,2023-04-15,0.4
514,2023-04-15,0.0
515,2023-04-15,0.4444444444444444
516,2023-04-15,0.25
517,2023-04-15,-0.5
518,2023-04-15,0.5
519,2023-04-15,0.0
520,2023-04-15,0.0
521,2023-04-15,0.16666666666666666
522,2023-04-15,0.2
523,2023-04-15,0.23076923076923078
524,2023-04-15,0.0
525,2023-04-15,0.25
526,2023-04-15,0.3333333333333333
527,2023-04-15,0.0
528,2023-04-15,-0.25
529,2023-04-15,0.16666666666666666
530,2023-04-15,1.0
531,2023-04-15,-0.5
532,2023-04-15,0.4444444444444444
533,2023-04-15,-0.3333333333333333
534,2023-04-15,0.0
535,2023-04-15,0.5
536,2023-04-15,0.0
537,2023-04-15,0.5
538,2023-04-15,-1.0
539,2023-04-15,-1.0
540,2023-04-15,0.3333333333333333
541,2023-04-15,0.6666666666666666
542,2023-04-15,-1.0
543,2023-04-15,0.0
544,2023-04-15,0.0
545,2023-04-15,0.0
546,2023-04-15,0.0
547,2023-04-15,0.0
548,2023-04-15,0.375
549,2023-04-15,-0.25
550,2023-04-15,0.0
551,2023-04-15,0.0
552,2023-04-15,0.0
553,2023-04-15,0.3333333333333333
554,2023-04-15,1.0
555,2023-04-15,0.0
556,2023-04-15,0.0
557,2023-04-15,0.5
558,2023-04-15,0.0
559,2023-04-15,0.3333333333333333
560,2023-04-15,0.0
561,2023-04-15,0.0
562,2023-04-15,0.0
563,2023-04-15,0.3333333333333333
564,2023-04-15,0.0
565,2023-04-15,0.0
566,2023-04-15,-0.5
567,2023-04-15,0.0
568,2023-04-15,-0.3333333333333333
569,2023-04-15,0.0
570,2023-04-15,-0.5
571,2023-04-15,-0.16666666666666666
572,2023-04-15,0.0
573,2023-04-15,-0.16666666666666666
574,2023-04-15,0.0
575,2023-04-15,0.3333333333333333
576,2023-04-15,0.25
577,2023-04-15,0.0
578,2023-04-15,0.5
579,2023-04-15,0.4
580,2023-04-15,0.0
581,2023-04-15,0.5
582,2023-04-15,0.0
583,2023-04-15,0.0
584,2023-04-15,1.0
585,2023-04-15,1.0
586,2023-04-15,0.8
587,2023-04-15,1.0
588,2023-04-15,0.0
589,2023-04-15,0.0
590,2023-04-15,0.5
591,2023-04-15,0.0
592,2023-04-15,-1.0
593,2023-04-15,0.5
594,2023-04-15,1.0
595,2023-04-15,0.3333333333333333
596,2023-04-15,0.25
597,2023-04-15,0.3333333333333333
598,2023-04-15,0.5
599,2023-04-15,-0.3333333333333333
600,2023-04-15,0.0
601,2023-04-15,0.5
602,2023-04-15,1.0
603,2023-04-15,0.0
604,2023-04-15,0.0
605,2023-04-15,0.0
606,2023-04-15,0.25
607,2023-04-15,0.5
608,2023-04-15,-1.0
609,2023-04-15,-0.5
610,2023-04-15,-1.0
611,2023-04-15,0.0
612,2023-04-15,1.0
613,2023-04-15,0.5
614,2023-04-15,-0.6666666666666666
615,2023-04-15,0.5
616,2023-04-15,1.0
617,2023-04-15,0.0
618,2023-04-15,0.0
619,2023-04-15,0.0
620,2023-04-15,0.0
621,2023-04-15,0.3333333333333333
622,2023-04-15,1.0
623,2023-04-15,0.5
624,2023-04-15,1.0
625,2023-04-15,0.5
626,2023-04-15,0.0
627,2023-04-15,0.0
628,2023-04-15,0.5
629,2023-04-15,0.0
630,2023-04-15,0.0
631,2023-04-15,0.0
632,2023-04-15,0.0
633,2023-04-15,0.0
634,2023-04-15,1.0
635,2023-04-15,0.0
636,2023-04-15,0.0
637,2023-04-15,0.0
638,2023-04-15,0.0
639,2023-04-15,0.0
640,2023-04-15,0.2
641,2023-04-15,1.0
642,2023-04-15,1.0
643,2023-04-15,1.0
644,2023-04-15,0.0
645,2023-04-15,0.5
646,2023-04-15,0.3333333333333333
647,2023-04-15,-0.3333333333333333
648,2023-04-15,0.5
649,2023-04-15,0.6
650,2023-04-15,1.0
651,2023-04-15,0.8
652,2023-04-15,0.4
653,2023-04-15,0.5
654,2023-04-15,0.4
655,2023-04-15,0.6666666666666666
656,2023-04-15,0.7272727272727273
657,2023-04-15,0.3
658,2023-04-15,0.0
659,2023-04-15,0.625
660,2023-04-15,0.8571428571428571
661,2023-04-15,0.2857142857142857
662,2023-04-15,0.375
663,2023-04-15,0.6
664,2023-04-15,0.5
665,2023-04-15,0.23076923076923078
666,2023-04-15,0.0
667,2023-04-15,0.2222222222222222
668,2023-04-15,0.5
669,2023-04-15,-0.3333333333333333
670,2023-04-15,0.45454545454545453
671,2023-04-15,0.5
672,2023-04-15,1.0
673,2023-04-15,0.0
674,2023-04-15,0.2857142857142857
675,2023-04-15,1.0
676,2023-04-15,0.0
677,2023-04-15,0.25
678,2023-04-15,0.0
679,2023-04-15,0.5
680,2023-04-15,-1.0
681,2023-04-15,1.0
682,2023-04-15,0.3333333333333333
683,2023-04-15,0.5
684,2023-04-15,0.5
685,2023-04-15,1.0
686,2023-04-15,0.0
687,2023-04-15,0.3333333333333333
688,2023-04-15,0.6666666666666666
689,2023-04-15,-1.0
690,2023-04-15,0.5
691,2023-04-15,0.3333333333333333
692,2023-04-15,-0.25
693,2023-04-15,0.0
694,2023-04-15,0.5
695,2023-04-15,0.0
696,2023-04-15,0.6666666666666666
697,2023-04-15,0.6666666666666666
698,2023-04-15,0.0
699,2023-04-15,0.0
700,2023-04-15,0.5
701,2023-04-15,0.375
702,2023-04-15,0.5
703,2023-04-15,0.6666666666666666
704,2023-04-15,0.5714285714285714
705,2023-04-15,0.0
706,2023-04-15,0.5
707,2023-04-15,1.0
708,2023-04-15,0.0
709,2023-04-15,0.8
710,2023-04-15,0.4
711,2023-04-15,-0.5
712,2023-04-15,0.3333333333333333
713,2023-04-15,0.2857142857142857
714,2023-04-15,-0.25
715,2023-04-15,-0.5
716,2023-04-15,0.0
717,2023-04-15,-1.0
718,2023-04-15,0.0
719,2023-04-15,-0.16666666666666666
720,2023-04-15,0.058823529411764705
721,2023-04-15,0.1
722,2023-04-15,0.25
723,2023-04-15,0.18181818181818182
724,2023-04-15,0.2857142857142857
725,2023-04-15,0.3333333333333333
726,2023-04-15,0.06666666666666667
727,2023-04-15,0.23076923076923078
728,2023-04-15,0.0
729,2023-04-15,0.07142857142857142
730,2023-04-15,0.0
731,2023-04-15,0.2222222222222222
732,2023-04-15,0.2727272727272727
733,2023-04-15,0.65
734,2023-04-15,0.0
735,2023-04-15,0.0
736,2023-04-15,0.5
737,2023-04-15,-0.125
738,2023-04-15,0.4
739,2023-04-15,0.14285714285714285
740,2023-04-15,-0.15384615384615385
741,2023-04-15,0.375
742,2023-04-15,-0.14285714285714285
743,2023-04-15,-0.38461538461538464
744,2023-04-15,-0.09090909090909091
745,2023-04-15,-0.5
746,2023-04-15,0.0
747,2023-04-15,-0.2777777777777778
748,2023-04-15,-0.3
749,2023-04-15,-0.75
750,2023-04-15,-0.45454545454545453
751,2023-04-15,-0.5714285714285714
752,2023-04-15,-0.6
753,2023-04-15,-0.14285714285714285
754,2023-04-15,-0.29411764705882354
755,2023-04-15,-0.5
756,2023-04-15,-0.6666666666666666
757,2023-04-15,0.625
758,2023-04-15,0.0
759,2023-04-15,0.5
760,2023-04-15,0.3333333333333333
761,2023-04-15,0.0
762,2023-04-15,0.6666666666666666
763,2023-04-15,0.4
764,2023-04-15,0.2
765,2023-04-15,-0.1
766,2023-04-15,1.0
767,2023-04-15,0.3
768,2023-04-15,-0.25
769,2023-04-15,0.0
770,2023-04-15,0.6666666666666666
771,2023-04-15,0.3333333333333333
772,2023-04-15,0.5
773,2023-04-15,0.4
774,2023-04-15,-0.3333333333333333
775,2023-04-15,0.1
776,2023-04-15,-0.14285714285714285
777,2023-04-15,0.2
778,2023-04-15,0.25
779,2023-04-15,0.0
780,2023-04-15,0.0
781,2023-04-15,-0.1111111111111111
782,2023-04-15,-0.6666666666666666
783,2023-04-15,0.3333333333333333
784,2023-04-15,-0.5
785,2023-04-15,0.0
786,2023-04-15,0.5
787,2023-04-15,-0.42857142857142855
788,2023-04-15,0.0
789,2023-04-15,0.0
790,2023-04-15,-0.14285714285714285
791,2023-04-15,0.0
792,2023-04-15,0.0
793,2023-04-15,1.0
794,2023-04-15,-0.14285714285714285
795,2023-04-15,0.0
796,2023-04-15,-0.3333333333333333
797,2023-04-15,0.0
798,2023-04-15,0.0
799,2023-04-15,0.0
800,2023-04-15,0.0
801,2023-04-15,0.0
802,2023-04-15,0.0
803,2023-04-15,0.0
804,2023-04-15,0.0
805,2023-04-15,0.0
806,2023-04-15,0.0
807,2023-04-15,-0.3333333333333333
808,2023-04-15,0.5
809,2023-04-15,0.3333333333333333
810,2023-04-15,0.0
811,2023-04-15,0.5
812,2023-04-15,-0.125
813,2023-04-15,0.5
814,2023-04-15,0.5
815,2023-04-15,0.0
816,2023-04-15,-0.25
817,2023-04-15,1.0
818,2023-04-15,0.0
819,2023-04-15,-1.0
820,2023-04-15,0.0
821,2023-04-15,-1.0
822,2023-04-15,0.0
823,2023-04-15,1.0
824,2023-04-15,-1.0
825,2023-04-15,0.0
826,2023-04-15,0.0
827,2023-04-15,-1.0
828,2023-04-15,-0.5
829,2023-04-15,0.0
830,2023-04-15,1.0
831,2023-04-15,0.5
832,2023-04-15,0.3333333333333333
833,2023-04-15,0.25
834,2023-04-15,0.0
835,2023-04-15,0.0
836,2023-04-15,0.0
837,2023-04-15,0.0
838,2023-04-15,0.0
839,2023-04-15,0.0
840,2023-04-15,0.0
841,2023-04-15,0.0
842,2023-04-15,0.5
843,2023-04-15,1.0
844,2023-04-15,0.75
845,2023-04-15,0.6666666666666666
846,2023-04-15,1.0
847,2023-04-15,1.0
848,2023-04-15,1.0
849,2023-04-15,0.5
850,2023-04-15,0.7142857142857143
851,2023-04-15,0.3333333333333333
852,2023-04-15,1.0
853,2023-04-15,-0.5
854,2023-04-15,-0.3333333333333333
855,2023-04-15,0.25
856,2023-04-15,0.3333333333333333
857,2023-04-15,0.6666666666666666
858,2023-04-15,0.3333333333333333
859,2023-04-15,1.0
860,2023-04-15,0.0
861,2023-04-15,0.6666666666666666
862,2023-04-15,-1.0
863,2023-04-15,0.3333333333333333
864,2023-04-15,0.16666666666666666
865,2023-04-15,-1.0
866,2023-04-15,0.0
867,2023-04-15,-0.5
868,2023-04-15,0.0
869,2023-04-15,1.0
870,2023-04-15,0.16666666666666666
871,2023-04-15,0.0
872,2023-04-15,0.5
873,2023-04-15,0.6666666666666666
874,2023-04-15,1.0
875,2023-04-15,0.6666666666666666
876,2023-04-15,0.25
877,2023-04-15,1.0
878,2023-04-15,0.3333333333333333
879,2023-04-15,1.0
880,2023-04-15,0.25
881,2023-04-15,0.25
882,2023-04-15,0.5
883,2023-04-15,0.0
884,2023-04-15,0.0
885,2023-04-15,0.6666666666666666
886,2023-04-15,1.0
887,2023-04-15,0.3333333333333333
888,2023-04-15,0.25
889,2023-04-15,0.0
890,2023-04-15,1.0
891,2023-04-15,1.0
892,2023-04-15,0.3333333333333333
893,2023-04-15,-0.3333333333333333
894,2023-04-15,0.0
895,2023-04-15,-0.25
896,2023-04-15,0.0
897,2023-04-15,-0.25
898,2023-04-15,0.2857142857142857
899,2023-04-15,0.2
900,2023-04-15,0.0
901,2023-04-15,1.0
902,2023-04-15,0.2857142857142857
903,2023-04-15,0.3333333333333333
904,2023-04-15,-0.3333333333333333
905,2023-04-15,0.5
906,2023-04-15,-0.2
907,2023-04-15,0.0
908,2023-04-15,0.2
909,2023-04-15,0.0
910,2023-04-15,1.0
911,2023-04-15,0.3333333333333333
912,2023-04-15,0.5
913,2023-04-15,0.25
914,2023-04-15,0.0
915,2023-04-15,0.0
916,2023-04-15,0.0
917,2023-04-15,0.5
918,2023-04-15,0.0
919,2023-04-15,0.5
920,2023-04-15,-1.0
921,2023-04-15,-0.1111111111111111
922,2023-04-15,1.0
923,2023-04-15,0.0
924,2023-04-15,0.0
925,2023-04-15,0.5
926,2023-04-15,0.25
927,2023-04-15,1.0
928,2023-04-15,0.0
929,2023-04-15,0.2
930,2023-04-15,0.5
931,2023-04-15,0.5
932,2023-04-15,-1.0
933,2023-04-15,0.0
934,2023-04-15,-0.3333333333333333
935,2023-04-15,0.0
936,2023-04-15,0.0
937,2023-04-15,0.0
938,2023-04-15,0.0
939,2023-04-15,0.3333333333333333
940,2023-04-15,0.0
941,2023-04-15,0.5
942,2023-04-15,0.0
943,2023-04-15,0.5
944,2023-04-15,0.0
945,2023-04-15,0.5
946,2023-04-15,0.0
947,2023-04-15,0.0
948,2023-04-15,0.3333333333333333
949,2023-04-15,0.5
950,2023-04-15,1.0
951,2023-04-15,0.6666666666666666
952,2023-04-15,0.0
953,2023-04-15,0.0
954,2023-04-15,1.0
955,2023-04-15,1.0
956,2023-04-15,-1.0
957,2023-04-15,0.0
958,2023-04-15,1.0
959,2023-04-15,0.25
960,2023-04-15,1.0
961,2023-04-15,1.0
962,2023-04-15,0.5
963,2023-04-15,1.0
964,2023-04-15,1.0
965,2023-04-15,1.0
966,2023-04-15,0.7142857142857143
967,2023-04-15,0.4166666666666667
968,2023-04-15,1.0
969,2023-04-15,1.0
970,2023-04-15,1.0
971,2023-04-15,1.0
972,2023-04-15,0.5
973,2023-04-15,0.0
974,2023-04-15,0.3333333333333333
975,2023-04-15,1.0
976,2023-04-15,1.0
977,2023-04-15,0.5
978,2023-04-15,0.25
979,2023-04-15,-1.0
980,2023-04-15,1.0
981,2023-04-15,1.0
982,2023-04-15,0.8
983,2023-04-15,0.6666666666666666
984,2023-04-15,0.4
985,2023-04-15,0.16666666666666666
986,2023-04-15,0.3333333333333333
987,2023-04-15,0.0
988,2023-04-15,0.3333333333333333
989,2023-04-15,-1.0
990,2023-04-15,1.0
991,2023-04-15,1.0
992,2023-04-15,1.0
993,2023-04-15,0.75
994,2023-04-15,0.0
995,2023-04-15,1.0
996,2023-04-15,1.0
997,2023-04-15,0.6
998,2023-04-15,0.42857142857142855
999,2023-04-15,1.0
1000,2023-04-15,1.0
1001,2023-04-15,0.0
1002,2023-04-15,0.0
1003,2023-04-15,0.0
1004,2023-04-15,0.0
1005,2023-04-15,0.0
1006,2023-04-15,0.0
1007,2023-04-15,0.3333333333333333
1008,2023-04-15,0.3333333333333333
1009,2023-04-15,0.0
1010,2023-04-15,0.0
1011,2023-04-15,0.2857142857142857
1012,2023-04-15,0.0
1013,2023-04-15,0.3333333333333333
1014,2023-04-15,0.0
1015,2023-04-15,0.0
1016,2023-04-15,0.0
1017,2023-04-15,0.25
1018,2023-04-15,-0.5
1019,2023-04-15,-1.0
1020,2023-04-15,0.3333333333333333
1021,2023-04-15,0.0
1022,2023-04-15,0.0
1023,2023-04-15,0.0
1024,2023-04-15,0.0
1025,2023-04-15,0.0
1026,2023-04-15,0.0
1027,2023-04-15,0.0
1028,2023-04-15,0.0
1029,2023-04-15,0.0
1030,2023-04-15,-0.3333333333333333
1031,2023-04-15,0.0
1032,2023-04-15,0.0
1033,2023-04-15,0.3333333333333333
1034,2023-04-15,0.4
1035,2023-04-15,0.3333333333333333
1036,2023-04-15,0.75
1037,2023-04-15,0.5
1038,2023-04-15,0.6
1039,2023-04-15,1.0
1040,2023-04-15,0.4
1041,2023-04-15,1.0
1042,2023-04-15,1.0
1043,2023-04-15,0.3333333333333333
1044,2023-04-15,0.5
1045,2023-04-15,0.3333333333333333
1046,2023-04-15,0.0
1047,2023-04-15,0.2
1048,2023-04-15,0.0
1049,2023-04-15,0.0
1050,2023-04-15,0.0
1051,2023-04-15,0.0
1052,2023-04-15,0.0
1053,2023-04-15,0.0
1054,2023-04-15,0.0
1055,2023-04-15,0.0
1056,2023-04-15,0.0
1057,2023-04-15,0.0
1058,2023-04-15,0.0
1059,2023-04-15,0.6666666666666666
1060,2023-04-15,0.0
1061,2023-04-15,0.0
1062,2023-04-15,0.0
1063,2023-04-15,0.0
1064,2023-04-15,0.3333333333333333
1065,2023-04-15,0.2222222222222222
1066,2023-04-15,0.0
1067,2023-04-15,0.0
1068,2023-04-15,0.0
1069,2023-04-15,0.0
1070,2023-04-15,0.3333333333333333
1071,2023-04-15,0.0
1072,2023-04-15,-0.25
1073,2023-04-15,0.3333333333333333
1074,2023-04-15,0.0
1075,2023-04-15,0.0
1076,2023-04-15,0.0
1077,2023-04-15,0.0
1078,2023-04-15,0.2
1079,2023-04-15,0.0
1080,2023-04-15,-0.5
1081,2023-04-15,-0.2
1082,2023-04-15,0.0
1083,2023-04-15,0.0
1084,2023-04-15,0.0
1085,2023-04-15,-0.6666666666666666
1086,2023-04-15,0.0
1087,2023-04-15,1.0
1088,2023-04-15,-1.0
1089,2023-04-15,0.25
1090,2023-04-15,0.0
1091,2023-04-15,0.75
1092,2023-04-15,0.5
1093,2023-04-15,0.5555555555555556
1094,2023-04-15,0.0
1095,2023-04-15,0.0
1096,2023-04-15,1.0
1097,2023-04-15,0.5
1098,2023-04-15,0.0
1099,2023-04-15,0.21428571428571427
1100,2023-04-15,0.0
1101,2023-04-15,-0.38461538461538464
1102,2023-04-15,0.5
1103,2023-04-15,-0.3
1104,2023-04-15,-0.09090909090909091
1105,2023-04-15,-0.16666666666666666
1106,2023-04-15,0.3333333333333333
1107,2023-04-15,-0.6666666666666666
1108,2023-04-15,0.0
1109,2023-04-15,0.8333333333333334
1110,2023-04-15,-0.25
1111,2023-04-15,0.0
1112,2023-04-15,-0.8
1113,2023-04-15,-1.0
1114,2023-04-15,-0.2857142857142857
1115,2023-04-15,0.3333333333333333
1116,2023-04-15,0.1111111111111111
1117,2023-04-15,0.0
1118,2023-04-15,0.0
1119,2023-04-15,0.0
1120,2023-04-15,0.14285714285714285
1121,2023-04-15,0.0
1122,2023-04-15,0.3333333333333333
1123,2023-04-15,0.16666666666666666
1124,2023-04-15,-0.1
1125,2023-04-15,0.0
1126,2023-04-15,-0.5
1127,2023-04-15,0.16666666666666666
1128,2023-04-15,-0.25
1129,2023-04-15,0.5
1130,2023-04-15,-0.09090909090909091
1131,2023-04-15,0.0
1132,2023-04-15,1.0
1133,2023-04-15,-0.2
1134,2023-04-15,0.2222222222222222
1135,2023-04-15,0.3333333333333333
1136,2023-04-15,0.6
1137,2023-04-15,-0.1111111111111111
1138,2023-04-15,0.0
1139,2023-04-15,0.0
1140,2023-04-15,0.3333333333333333
1141,2023-04-15,0.5
1142,2023-04-15,0.8
1143,2023-04-15,0.1111111111111111
1144,2023-04-15,0.5
1145,2023-04-15,-0.3333333333333333
1146,2023-04-15,0.0
1147,2023-04-15,0.16666666666666666
1148,2023-04-15,0.09090909090909091
1149,2023-04-15,-0.125
1150,2023-04-15,0.1111111111111111
1151,2023-04-15,0.5
1152,2023-04-15,-0.5
1153,2023-04-15,0.0
1154,2023-04-15,0.0
1155,2023-04-15,-0.1
1156,2023-04-15,1.0
1157,2023-04-15,-0.2857142857142857
1158,2023-04-15,0.5
1159,2023-04-15,0.0
1160,2023-04-15,0.3333333333333333
1161,2023-04-15,-0.3333333333333333
1162,2023-04-15,-0.1
1163,2023-04-15,-1.0
1164,2023-04-15,0.5
1165,2023-04-15,1.0
1166,2023-04-15,0.3333333333333333
1167,2023-04-15,-0.2
1168,2023-04-15,0.0
1169,2023-04-15,0.4
1170,2023-04-15,0.6666666666666666
1171,2023-04-15,1.0
1172,2023-04-15,1.0
1173,2023-04-15,0.14285714285714285
1174,2023-04-15,-1.0
1175,2023-04-15,0.5
1176,2023-04-15,-1.0
1177,2023-04-15,1.0
1178,2023-04-15,-0.75
1179,2023-04-15,-0.5
1180,2023-04-15,0.0
1181,2023-04-15,0.0
1182,2023-04-15,0.0
1183,2023-04-15,-0.25
1184,2023-04-15,0.0
1185,2023-04-15,-0.25
1186,2023-04-15,-0.5
1187,2023-04-15,-0.42857142857142855
1188,2023-04-15,1.0
1189,2023-04-15,-1.0
1190,2023-04-15,0.0
1191,2023-04-15,0.5
1192,2023-04-15,-1.0
1193,2023-04-15,0.0
1194,2023-04-15,1.0
1195,2023-04-15,0.0
1196,2023-04-15,1.0
1197,2023-04-15,-1.0
1198,2023-04-15,0.25
1199,2023-04-15,-1.0
1200,2023-04-15,-1.0
1201,2023-04-15,0.0
1202,2023-04-15,-1.0
1203,2023-04-15,-1.0
1204,2023-04-15,0.0
1205,2023-04-15,-1.0
1206,2023-04-15,0.5
1207,2023-04-15,1.0
1208,2023-04-15,1.0
1209,2023-04-15,-1.0
1210,2023-04-15,1.0
1211,2023-04-15,1.0
1212,2023-04-15,-0.5
1213,2023-04-15,-0.5
1214,2023-04-15,1.0
1215,2023-04-15,-1.0
1216,2023-04-15,1.0
1217,2023-04-15,-1.0
1218,2023-04-15,1.0
1219,2023-04-15,-1.0
1220,2023-04-15,0.0
1221,2023-04-15,1.0
1222,2023-04-15,1.0
1223,2023-04-15,-1.0
1224,2023-04-15,-1.0
1225,2023-04-15,0.0
1226,2023-04-15,0.0
1227,2023-04-15,0.0
1228,2023-04-15,0.0
1229,2023-04-15,0.0
1230,2023-04-15,1.0
1231,2023-04-15,-1.0
1232,2023-04-15,1.0
1233,2023-04-15,1.0
1234,2023-04-15,-1.0
1235,2023-04-15,1.0
1236,2023-04-15,-1.0
1237,2023-04-15,0.0
1238,2023-04-15,0.0
1239,2023-04-15,-1.0
1240,2023-04-15,0.0
1241,2023-04-15,1.0
1242,2023-04-15,0.0
1243,2023-04-15,0.0
1244,2023-04-15,1.0
1245,2023-04-15,1.0
1246,2023-04-15,1.0
1247,2023-04-15,0.0
1248,2023-04-15,0.0
1249,2023-04-15,1.0
1250,2023-04-15,-1.0
1251,2023-04-15,0.5
1252,2023-04-15,-1.0
1253,2023-04-15,1.0
1254,2023-04-15,1.0
1255,2023-04-15,1.0
1256,2023-04-15,0.0
1257,2023-04-15,-1.0
1258,2023-04-15,-1.0
1259,2023-04-15,0.0
1260,2023-04-15,1.0
1261,2023-04-15,1.0
1262,2023-04-15,0.0
1263,2023-04-15,0.0
1264,2023-04-15,0.0
1265,2023-04-15,0.0
1266,2023-04-15,-1.0
1267,2023-04-15,0.0
1268,2023-04-15,-1.0
1269,2023-04-15,0.0
1270,2023-04-15,0.0
1271,2023-04-15,1.0
1272,2023-04-15,0.0
1273,2023-04-15,1.0
1274,2023-04-15,0.0
1275,2023-04-15,0.5
1276,2023-04-15,0.0
1277,2023-04-15,0.0
1278,2023-04-15,1.0
1279,2023-04-15,-1.0
1280,2023-04-15,0.3333333333333333
1281,2023-04-15,0.0
1282,2023-04-15,1.0
1283,2023-04-15,0.0
1284,2023-04-15,0.5
1285,2023-04-15,0.25
1286,2023-04-15,0.5
1287,2023-04-15,-0.3333333333333333
1288,2023-04-15,-0.5
1289,2023-04-15,0.0
1290,2023-04-15,0.0
1291,2023-04-15,-0.6
1292,2023-04-15,0.5
1293,2023-04-15,-0.3333333333333333
1294,2023-04-15,0.0
1295,2023-04-15,-0.6
1296,2023-04-15,1.0
1297,2023-04-15,0.0
1298,2023-04-15,0.5
1299,2023-04-15,0.0
1300,2023-04-15,0.0
1301,2023-04-15,0.0
1302,2023-04-15,-1.0
1303,2023-04-15,0.0
1304,2023-04-15,1.0
1305,2023-04-15,0.3333333333333333
1306,2023-04-15,0.3333333333333333
1307,2023-04-15,0.0
1308,2023-04-15,1.0
1309,2023-04-15,0.0
1310,2023-04-15,0.0
1311,2023-04-15,1.0
1312,2023-04-15,0.6666666666666666
1313,2023-04-15,0.5
1314,2023-04-15,0.3333333333333333
1315,2023-04-15,0.6
1316,2023-04-15,1.0
1317,2023-04-15,1.0
1318,2023-04-15,0.0
1319,2023-04-15,1.0
1320,2023-04-15,0.5
1321,2023-04-15,0.25
1322,2023-04-15,0.4
1323,2023-04-15,1.0
1324,2023-04-15,1.0
1325,2023-04-15,1.0
1326,2023-04-15,0.6666666666666666
1327,2023-04-15,0.0
1328,2023-04-15,-1.0
1329,2023-04-15,1.0
1330,2023-04-15,0.0
1331,2023-04-15,1.0
1332,2023-04-15,0.0
1333,2023-04-15,1.0
1334,2023-04-15,0.0
1335,2023-04-15,1.0
1336,2023-04-15,0.0
1337,2023-04-15,0.0
1338,2023-04-15,0.0
1339,2023-04-15,0.0
1340,2023-04-15,0.0
1341,2023-04-15,1.0
1342,2023-04-15,0.3333333333333333
1343,2023-04-15,0.0
1344,2023-04-15,0.0
1345,2023-04-15,1.0
1346,2023-04-15,0.0
1347,2023-04-15,0.0
1348,2023-04-15,0.0
1349,2023-04-15,-0.3333333333333333
1350,2023-04-15,0.0
1351,2023-04-15,0.0
1352,2023-04-15,1.0
1353,2023-04-15,1.0
1354,2023-04-15,1.0
1355,2023-04-15,0.25
1356,2023-04-15,-0.5
1357,2023-04-15,1.0
1358,2023-04-15,1.0
1359,2023-04-15,0.0
1360,2023-04-15,1.0
1361,2023-04-15,0.0
1362,2023-04-15,0.0
1363,2023-04-15,1.0
1364,2023-04-15,-0.5
1365,2023-04-15,0.0
1366,2023-04-15,0.0
1367,2023-04-15,-0.5
1368,2023-04-15,-0.8571428571428571
1369,2023-04-15,-0.625
1370,2023-04-15,-0.5
1371,2023-04-15,-0.6
1372,2023-04-15,-0.6666666666666666
1373,2023-04-15,-0.6666666666666666
1374,2023-04-15,-1.0
1375,2023-04-15,-0.6666666666666666
1376,2023-04-15,-0.75
1377,2023-04-15,-1.0
1378,2023-04-15,0.0
1379,2023-04-15,0.0
1380,2023-04-15,0.0
1381,2023-04-15,0.0
1382,2023-04-15,-1.0
1383,2023-04-15,0.0
1384,2023-04-15,0.0
1385,2023-04-15,0.0
1386,2023-04-15,0.0
1387,2023-04-15,0.3333333333333333
1388,2023-04-15,0.0
1389,2023-04-15,0.0
1390,2023-04-15,1.0
1391,2023-04-15,0.0
1392,2023-04-15,0.0
1393,2023-04-15,0.0
1394,2023-04-15,0.0
1395,2023-04-15,0.0
1396,2023-04-15,0.5
1397,2023-04-15,0.0
1398,2023-04-15,0.0
1399,2023-04-15,-0.5
1400,2023-04-15,0.0
1401,2023-04-15,-1.0
1402,2023-04-15,1.0
1403,2023-04-15,0.0
1404,2023-04-15,-0.5
1405,2023-04-15,0.0
1406,2023-04-15,1.0
1407,2023-04-15,1.0
1408,2023-04-15,0.0
1409,2023-04-15,1.0
1410,2023-04-15,0.0
1411,2023-04-15,0.0
1412,2023-04-15,1.0
1413,2023-04-15,0.0
1414,2023-04-15,-1.0
1415,2023-04-15,-1.0
1416,2023-04-15,-0.3333333333333333
1417,2023-04-15,0.0
1418,2023-04-15,0.75
1419,2023-04-15,-1.0
1420,2023-04-15,0.0
1421,2023-04-15,0.3333333333333333
1422,2023-04-15,1.0
1423,2023-04-15,0.3333333333333333
1424,2023-04-15,0.3333333333333333
1425,2023-04-15,0.6
1426,2023-04-15,0.8
1427,2023-04-15,1.0
1428,2023-04-15,0.0
1429,2023-04-15,0.0
1430,2023-04-15,0.0
1431,2023-04-15,0.2
1432,2023-04-15,0.6666666666666666
1433,2023-04-15,1.0
1434,2023-04-15,0.6
1435,2023-04-15,0.75
1436,2023-04-15,1.0
1437,2023-04-15,0.875
1438,2023-04-15,0.0
1439,2023-04-15,0.5
1440,2023-04-15,0.0
1441,2023-04-15,1.0
1442,2023-04-15,0.0
1443,2023-04-15,0.3333333333333333
1444,2023-04-15,0.5
1445,2023-04-15,0.0
1446,2023-04-15,0.0
1447,2023-04-15,0.5
1448,2023-04-15,-0.5
1449,2023-04-15,-0.1111111111111111
1450,2023-04-15,0.0
1451,2023-04-15,-1.0
1452,2023-04-15,-1.0
1453,2023-04-15,0.0
1454,2023-04-15,1.0
1455,2023-04-15,-1.0
1456,2023-04-15,-1.0
1457,2023-04-15,0.0
1458,2023-04-15,0.0
1459,2023-04-15,1.0
1460,2023-04-15,0.5
1461,2023-04-15,0.0
1462,2023-04-15,0.5
1463,2023-04-15,1.0
1464,2023-04-15,0.5
1465,2023-04-15,0.6666666666666666
1466,2023-04-15,1.0
1467,2023-04-15,0.0
1468,2023-04-15,1.0
1469,2023-04-15,0.3333333333333333
1470,2023-04-15,0.25
1471,2023-04-15,0.6666666666666666
1472,2023-04-15,0.0
1473,2023-04-15,0.5
1474,2023-04-15,0.8571428571428571
1475,2023-04-15,1.0
1476,2023-04-15,1.0
1477,2023-04-15,1.0
1478,2023-04-15,1.0
1479,2023-04-15,1.0
1480,2023-04-15,0.625
1481,2023-04-15,1.0
1482,2023-04-15,-0.6666666666666666
1483,2023-04-15,0.3333333333333333
1484,2023-04-15,0.4444444444444444
1485,2023-04-15,0.0
1486,2023-04-15,-1.0
1487,2023-04-15,1.0
1488,2023-04-15,1.0
1489,2023-04-15,0.47619047619047616
1490,2023-04-15,0.16666666666666666
1491,2023-04-15,0.2
1492,2023-04-15,1.0
1493,2023-04-15,0.0
1494,2023-04-15,0.0
1495,2023-04-15,0.0
1496,2023-04-15,-0.2
1497,2023-04-15,0.0
1498,2023-04-15,0.3333333333333333
1499,2023-04-15,0.0
1500,2023-04-15,0.0
1501,2023-04-15,1.0
1502,2023-04-15,0.0
1503,2023-04-15,0.6666666666666666
1504,2023-04-15,-0.2
1505,2023-04-15,0.0
1506,2023-04-15,-0.2
1507,2023-04-15,0.0
1508,2023-04-15,-0.2
1509,2023-04-15,0.0
1510,2023-04-15,0.6666666666666666
1511,2023-04-15,0.5
1512,2023-04-15,0.1111111111111111
1513,2023-04-15,0.0
1514,2023-04-15,1.0
1515,2023-04-15,0.0
1516,2023-04-15,0.0
1517,2023-04-15,0.6666666666666666
1518,2023-04-15,0.5714285714285714
1519,2023-04-15,0.5
1520,2023-04-15,0.5
1521,2023-04-15,0.0
1522,2023-04-15,1.0
1523,2023-04-15,0.0
1524,2023-04-15,0.0
1525,2023-04-15,-1.0
1526,2023-04-15,1.0
1527,2023-04-15,1.0
1528,2023-04-15,1.0
1529,2023-04-15,0.0
1530,2023-04-15,0.0
1531,2023-04-15,-1.0
1532,2023-04-15,-0.25
1533,2023-04-15,-0.4
1534,2023-04-15,0.0
1535,2023-04-15,-0.5
1536,2023-04-15,-0.25
1537,2023-04-15,-0.16666666666666666
1538,2023-04-15,0.0
1539,2023-04-15,-0.5
1540,2023-04-15,0.0
1541,2023-04-15,-0.5
1542,2023-04-15,0.0
1543,2023-04-15,-0.2
1544,2023-04-15,0.5
1545,2023-04-15,1.0
1546,2023-04-15,0.0
1547,2023-04-15,1.0
1548,2023-04-15,0.0
1549,2023-04-15,1.0
1550,2023-04-15,0.0
1551,2023-04-15,1.0
1552,2023-04-15,1.0
1553,2023-04-15,-1.0
1554,2023-04-15,0.0
1555,2023-04-15,-1.0
1556,2023-04-15,0.0
1557,2023-04-15,0.0
1558,2023-04-15,1.0
1559,2023-04-15,1.0
1560,2023-04-15,-1.0
1561,2023-04-15,0.0
1562,2023-04-15,0.5
1563,2023-04-15,0.0
1564,2023-04-15,0.5
1565,2023-04-15,1.0
1566,2023-04-15,0.5
1567,2023-04-15,-0.3333333333333333
1568,2023-04-15,-1.0
1569,2023-04-15,0.4
1570,2023-04-15,0.3333333333333333
1571,2023-04-15,-0.3333333333333333
1572,2023-04-15,0.3333333333333333
1573,2023-04-15,0.0
1574,2023-04-15,-0.5
1575,2023-04-15,1.0
1576,2023-04-15,1.0
1577,2023-04-15,-0.25
1578,2023-04-15,1.0
1579,2023-04-15,0.5
1580,2023-04-15,0.0
1581,2023-04-15,1.0
1582,2023-04-15,1.0
1583,2023-04-15,-0.5
1584,2023-04-15,-1.0
1585,2023-04-15,0.0
1586,2023-04-15,1.0
1587,2023-04-15,0.0
1588,2023-04-15,0.0
1589,2023-04-15,1.0
1590,2023-04-15,1.0
1591,2023-04-15,0.0
1592,2023-04-15,1.0
1593,2023-04-15,-1.0
1594,2023-04-15,1.0
1595,2023-04-15,1.0
1596,2023-04-15,1.0
1597,2023-04-15,-1.0
1598,2023-04-15,0.0
1599,2023-04-15,1.0
1600,2023-04-15,0.0
1601,2023-04-15,1.0
1602,2023-04-15,-1.0
1603,2023-04-15,0.0
1604,2023-04-15,0.5
1605,2023-04-15,0.0
1606,2023-04-15,0.5
1607,2023-04-15,-1.0
1608,2023-04-15,0.0
1609,2023-04-15,0.0
1610,2023-04-15,0.5
1611,2023-04-15,0.0
1612,2023-04-15,0.0
1613,2023-04-15,0.0
1614,2023-04-15,1.0
1615,2023-04-15,0.0
1616,2023-04-15,1.0
1617,2023-04-15,-1.0
1618,2023-04-15,-1.0
1619,2023-04-15,0.0
1620,2023-04-15,-1.0
1621,2023-04-15,0.0
1622,2023-04-15,1.0
1623,2023-04-15,0.3333333333333333
1624,2023-04-15,0.0
1625,2023-04-15,0.0
1626,2023-04-15,0.0
1627,2023-04-15,1.0
1628,2023-04-15,0.5
1629,2023-04-15,-1.0
1630,2023-04-15,0.0
1631,2023-04-15,0.5
1632,2023-04-15,0.0
1633,2023-04-15,1.0
1634,2023-04-15,0.0
1635,2023-04-15,0.6666666666666666
1636,2023-04-15,1.0
1637,2023-04-15,-0.5
1638,2023-04-15,-0.5
1639,2023-04-15,0.0
1640,2023-04-15,1.0
1641,2023-04-15,-1.0
1642,2023-04-15,-0.3333333333333333
1643,2023-04-15,1.0
1644,2023-04-15,1.0
1645,2023-04-15,0.0
1646,2023-04-15,1.0
1647,2023-04-15,0.0
1648,2023-04-15,0.0
1649,2023-04-15,0.0
1650,2023-04-15,0.0
1651,2023-04-15,1.0
1652,2023-04-15,1.0
1653,2023-04-15,1.0
1654,2023-04-15,0.5
1655,2023-04-15,0.5
1656,2023-04-15,1.0
1657,2023-04-15,0.5
1658,2023-04-15,1.0
1659,2023-04-15,0.5
1660,2023-04-15,1.0
1661,2023-04-15,0.0
1662,2023-04-15,0.0
1663,2023-04-15,1.0
1664,2023-04-15,1.0
1665,2023-04-15,1.0
1666,2023-04-15,0.6666666666666666
1667,2023-04-15,0.8
1668,2023-04-15,0.5454545454545454
1669,2023-04-15,0.8181818181818182
1670,2023-04-15,0.9166666666666666
1671,2023-04-15,1.0
1672,2023-04-15,1.0
1673,2023-04-15,0.5833333333333334
1674,2023-04-15,1.0
1675,2023-04-15,0.5
1676,2023-04-15,1.0
1677,2023-04-15,0.6666666666666666
1678,2023-04-15,0.75
1679,2023-04-15,1.0
1680,2023-04-15,1.0
1681,2023-04-15,0.4
1682,2023-04-15,1.0
1683,2023-04-15,1.0
1684,2023-04-15,0.7142857142857143
1685,2023-04-15,1.0
1686,2023-04-15,0.4
1687,2023-04-15,1.0
1688,2023-04-15,0.6666666666666666
1689,2023-04-15,1.0
1690,2023-04-15,1.0
1691,2023-04-15,1.0
1692,2023-04-15,0.5
1693,2023-04-15,0.0
1694,2023-04-15,1.0
1695,2023-04-15,0.5
1696,2023-04-15,0.16666666666666666
1697,2023-04-15,0.3333333333333333
1698,2023-04-15,0.0
1699,2023-04-15,0.5
1700,2023-04-15,0.0
1701,2023-04-15,1.0
1702,2023-04-15,0.25
1703,2023-04-15,0.6666666666666666
1704,2023-04-15,0.5
1705,2023-04-15,0.5
1706,2023-04-15,1.0
1707,2023-04-15,1.0
1708,2023-04-15,1.0
1709,2023-04-15,1.0
1710,2023-04-15,1.0
1711,2023-04-15,0.5
1712,2023-04-15,1.0
1713,2023-04-15,1.0
1714,2023-04-15,1.0
1715,2023-04-15,1.0
1716,2023-04-15,1.0
1717,2023-04-15,1.0
1718,2023-04-15,0.0
1719,2023-04-15,-1.0
1720,2023-04-15,0.0
1721,2023-04-15,0.6666666666666666
1722,2023-04-15,0.0
1723,2023-04-15,0.0
1724,2023-04-15,0.0
1725,2023-04-15,0.3333333333333333
1726,2023-04-15,0.3333333333333333
1727,2023-04-15,0.25
1728,2023-04-15,0.0
1729,2023-04-15,-0.25
1730,2023-04-15,0.0
1731,2023-04-15,0.0
1732,2023-04-15,0.0
1733,2023-04-15,-1.0
1734,2023-04-15,0.16666666666666666
1735,2023-04-15,0.0
1736,2023-04-15,0.2857142857142857
1737,2023-04-15,0.6666666666666666
1738,2023-04-15,0.3333333333333333
1739,2023-04-15,0.25
1740,2023-04-15,0.4
1741,2023-04-15,0.6666666666666666
1742,2023-04-15,0.4
1743,2023-04-15,0.4
1744,2023-04-15,0.5
1745,2023-04-15,-0.14285714285714285
1746,2023-04-15,0.25
1747,2023-04-15,0.0
1748,2023-04-15,0.14285714285714285
1749,2023-04-15,1.0
1750,2023-04-15,0.5
1751,2023-04-15,1.0
1752,2023-04-15,-0.25
1753,2023-04-15,0.0
1754,2023-04-15,0.5
1755,2023-04-15,0.0
1756,2023-04-15,0.3333333333333333
1757,2023-04-15,1.0
1758,2023-04-15,0.2
1759,2023-04-15,0.5
1760,2023-04-15,0.0
1761,2023-04-15,0.8
1762,2023-04-15,0.3333333333333333
1763,2023-04-15,0.6666666666666666
1764,2023-04-15,0.5714285714285714
1765,2023-04-15,0.375
1766,2023-04-15,0.0
1767,2023-04-15,0.0
1768,2023-04-15,0.0
1769,2023-04-15,-0.25
1770,2023-04-15,-1.0
1771,2023-04-15,0.0
1772,2023-04-15,0.0
1773,2023-04-15,-0.125
1774,2023-04-15,0.0
1775,2023-04-15,-0.14285714285714285
1776,2023-04-15,-0.5
1777,2023-04-15,0.0
1778,2023-04-15,-0.5
1779,2023-04-15,-0.3333333333333333
1780,2023-04-15,0.0
1781,2023-04-15,0.0
1782,2023-04-15,0.0
1783,2023-04-15,-0.14285714285714285
1784,2023-04-15,0.0
1785,2023-04-15,-0.5
1786,2023-04-15,0.0
1787,2023-04-15,0.0
1788,2023-04-15,-0.3333333333333333
1789,2023-04-15,0.0
1790,2023-04-15,0.0
1791,2023-04-15,-0.5
1792,2023-04-15,-1.0
1793,2023-04-15,-0.3333333333333333
1794,2023-04-15,0.3333333333333333
1795,2023-04-15,0.25
1796,2023-04-15,0.0
1797,2023-04-15,-0.5
1798,2023-04-15,0.0
1799,2023-04-15,0.0
1800,2023-04-15,0.5
1801,2023-04-15,-0.5
1802,2023-04-15,-0.25
1803,2023-04-15,0.0
1804,2023-04-15,0.6666666666666666
1805,2023-04-15,0.3333333333333333
1806,2023-04-15,0.0
1807,2023-04-15,0.0
1808,2023-04-15,0.0
1809,2023-04-15,1.0
1810,2023-04-15,0.0
1811,2023-04-15,0.0
1812,2023-04-15,0.0
1813,2023-04-15,0.0
1814,2023-04-15,0.0
1815,2023-04-15,0.0
1816,2023-04-15,0.0
1817,2023-04-15,1.0
1818,2023-04-15,0.0
1819,2023-04-15,1.0
1820,2023-04-15,0.0
1821,2023-04-15,0.0
1822,2023-04-15,0.0
1823,2023-04-15,0.0
1824,2023-04-15,0.0
1825,2023-04-15,0.0
1826,2023-04-15,0.0
1827,2023-04-15,0.0
1828,2023-04-15,0.0
1829,2023-04-15,0.0
1830,2023-04-15,0.0
1831,2023-04-15,0.5
1832,2023-04-15,0.5
1833,2023-04-15,0.5
1834,2023-04-15,0.0
1835,2023-04-15,0.0
1836,2023-04-15,0.0
1837,2023-04-15,0.0
1838,2023-04-15,0.5
1839,2023-04-15,-1.0
1840,2023-04-15,0.0
1841,2023-04-15,-1.0
1842,2023-04-15,0.0
1843,2023-04-15,-1.0
1844,2023-04-15,1.0
1845,2023-04-15,-1.0
1846,2023-04-15,0.0
1847,2023-04-15,1.0
1848,2023-04-15,1.0
1849,2023-04-15,0.5
1850,2023-04-15,1.0
1851,2023-04-15,0.0
1852,2023-04-15,0.0
1853,2023-04-15,0.0
1854,2023-04-15,0.0
1855,2023-04-15,1.0
1856,2023-04-15,1.0
1857,2023-04-15,1.0
1858,2023-04-15,-1.0
1859,2023-04-15,1.0
1860,2023-04-15,0.0
1861,2023-04-15,1.0
1862,2023-04-15,-1.0
1863,2023-04-15,1.0
1864,2023-04-15,0.0
1865,2023-04-15,0.5
1866,2023-04-15,1.0
1867,2023-04-15,-1.0
1868,2023-04-15,0.0
1869,2023-04-15,0.0
1870,2023-04-15,0.0
1871,2023-04-15,-0.5
1872,2023-04-15,-0.5
1873,2023-04-15,0.0
1874,2023-04-15,0.0
1875,2023-04-15,0.0
1876,2023-04-15,0.0
1877,2023-04-15,-0.5
1878,2023-04-15,0.0
1879,2023-04-15,1.0
1880,2023-04-15,-1.0
1881,2023-04-15,0.0
1882,2023-04-15,1.0
1883,2023-04-15,1.0
1884,2023-04-15,0.0
1885,2023-04-15,1.0
1886,2023-04-15,1.0
1887,2023-04-15,-1.0
1888,2023-04-15,-1.0
1889,2023-04-15,0.0
1890,2023-04-15,0.0
1891,2023-04-15,1.0
1892,2023-04-15,0.0
1893,2023-04-15,-1.0
1894,2023-04-15,-0.5
1895,2023-04-15,0.0
1896,2023-04-15,0.3333333333333333
1897,2023-04-15,0.0
1898,2023-04-15,-0.2
1899,2023-04-15,0.25
1900,2023-04-15,0.0
1901,2023-04-15,-0.25
1902,2023-04-15,-0.6
1903,2023-04-15,-0.5
1904,2023-04-15,0.0
1905,2023-04-15,0.5
1906,2023-04-15,-1.0
1907,2023-04-15,0.0
1908,2023-04-15,0.0
1909,2023-04-15,-0.2
1910,2023-04-15,0.0
1911,2023-04-15,0.0
1912,2023-04-15,0.5
1913,2023-04-15,-0.5
1914,2023-04-15,-0.5
1915,2023-04-15,0.5
1916,2023-04-15,-1.0
1917,2023-04-15,0.25
1918,2023-04-15,-0.6666666666666666
1919,2023-04-15,-1.0
1920,2023-04-15,0.0
1921,2023-04-15,0.0
1922,2023-04-15,-1.0
1923,2023-04-15,0.0
1924,2023-04-15,-1.0
1925,2023-04-15,-1.0
1926,2023-04-15,0.0
1927,2023-04-15,0.0
1928,2023-04-15,-1.0
1929,2023-04-15,-1.0
1930,2023-04-15,-1.0
1931,2023-04-15,0.0
1932,2023-04-15,0.0
1933,2023-04-15,-1.0
1934,2023-04-15,0.0
1935,2023-04-15,-1.0
1936,2023-04-15,0.0
1937,2023-04-15,0.0
1938,2023-04-15,0.0
1939,2023-04-15,0.0
1940,2023-04-15,1.0
1941,2023-04-15,1.0
1942,2023-04-15,0.0
1943,2023-04-15,1.0
1944,2023-04-15,0.0
1945,2023-04-15,0.0
1946,2023-04-15,-1.0
1947,2023-04-15,0.3333333333333333
1948,2023-04-15,0.0
1949,2023-04-15,0.0
1950,2023-04-15,1.0
1951,2023-04-15,1.0
1952,2023-04-15,1.0
1953,2023-04-15,0.5
1954,2023-04-15,-0.5
1955,2023-04-15,0.0
1956,2023-04-15,0.5
1957,2023-04-15,1.0
1958,2023-04-15,0.3333333333333333
1959,2023-04-15,-0.25
1960,2023-04-15,-1.0
1961,2023-04-15,-0.3333333333333333
1962,2023-04-15,0.0
1963,2023-04-15,0.0
1964,2023-04-15,1.0
1965,2023-04-15,-0.3333333333333333
1966,2023-04-15,0.375
1967,2023-04-15,1.0
1968,2023-04-15,0.0
1969,2023-04-15,-0.5
1970,2023-04-15,-1.0
1971,2023-04-15,0.0
1972,2023-04-15,0.0
1973,2023-04-15,-0.6666666666666666
1974,2023-04-15,-1.0
1975,2023-04-15,0.5
1976,2023-04-15,-1.0
1977,2023-04-15,0.5
1978,2023-04-15,1.0
1979,2023-04-15,1.0
1980,2023-04-15,1.0
1981,2023-04-15,0.0
1982,2023-04-15,1.0
1983,2023-04-15,1.0
1984,2023-04-15,1.0
1985,2023-04-15,1.0
1986,2023-04-15,-0.5
1987,2023-04-15,0.0
1988,2023-04-15,1.0
1989,2023-04-15,0.6666666666666666
1990,2023-04-15,1.0
1991,2023-04-15,0.0
1992,2023-04-15,0.5
1993,2023-04-15,1.0
1994,2023-04-15,1.0
1995,2023-04-15,0.0
1996,2023-04-15,0.0
1997,2023-04-15,0.0
1998,2023-04-15,1.0
1999,2023-04-15,0.0
2000,2023-04-15,-0.3333333333333333
2001,2023-04-15,-1.0
2002,2023-04-15,-0.5
2003,2023-04-15,1.0
2004,2023-04-15,0.0
2005,2023-04-15,1.0
2006,2023-04-15,1.0
2007,2023-04-15,-1.0
2008,2023-04-15,0.0
2009,2023-04-15,0.0
2010,2023-04-15,0.0
2011,2023-04-15,0.0
2012,2023-04-15,1.0
2013,2023-04-15,-0.5
2014,2023-04-15,1.0
2015,2023-04-15,1.0
2016,2023-04-15,1.0
2017,2023-04-15,0.5
2018,2023-04-15,0.0
2019,2023-04-15,0.0
2020,2023-04-15,0.5
2021,2023-04-15,0.5
2022,2023-04-15,0.6666666666666666
2023,2023-04-15,0.5
2024,2023-04-15,0.0
2025,2023-04-15,1.0
2026,2023-04-15,0.0
2027,2023-04-15,1.0
2028,2023-04-15,0.0
2029,2023-04-15,0.0
2030,2023-04-15,0.0
2031,2023-04-15,0.0
2032,2023-04-15,1.0
2033,2023-04-15,1.0
2034,2023-04-15,-1.0
2035,2023-04-15,0.0
2036,2023-04-15,0.0
2037,2023-04-15,1.0
2038,2023-04-15,0.0
2039,2023-04-15,0.0
2040,2023-04-15,1.0
2041,2023-04-15,0.0
2042,2023-04-15,0.0
2043,2023-04-15,1.0
2044,2023-04-15,1.0
2045,2023-04-15,1.0
2046,2023-04-15,-0.5
2047,2023-04-15,0.5
2048,2023-04-15,0.0
2049,2023-04-15,0.2
2050,2023-04-15,0.0
2051,2023-04-15,0.0
2052,2023-04-15,0.6666666666666666
2053,2023-04-15,0.5
2054,2023-04-15,0.0
2055,2023-04-15,1.0
2056,2023-04-15,0.0
2057,2023-04-15,0.2
2058,2023-04-15,-1.0
2059,2023-04-15,0.0
2060,2023-04-15,0.0
2061,2023-04-15,0.0
2062,2023-04-15,0.0
2063,2023-04-15,0.0
2064,2023-04-15,1.0
2065,2023-04-15,0.0
2066,2023-04-15,0.0
2067,2023-04-15,0.0
2068,2023-04-16,0.0
2069,2023-04-16,-1.0
2070,2023-04-16,0.0
2071,2023-04-16,-1.0
2072,2023-04-16,0.0
2073,2023-04-16,0.0
2074,2023-04-16,0.0
2075,2023-04-16,-1.0
2076,2023-04-16,1.0
2077,2023-04-16,-1.0
2078,2023-04-16,0.0
2079,2023-04-16,-1.0
2080,2023-04-16,1.0
2081,2023-04-16,0.3333333333333333
2082,2023-04-16,0.0
2083,2023-04-16,0.3333333333333333
2084,2023-04-16,-1.0
2085,2023-04-16,0.0
2086,2023-04-16,1.0
2087,2023-04-16,1.0
2088,2023-04-16,0.0
2089,2023-04-16,1.0
2090,2023-04-16,0.5
2091,2023-04-16,1.0
2092,2023-04-16,-1.0
2093,2023-04-16,0.0
2094,2023-04-16,0.0
2095,2023-04-16,0.0
2096,2023-04-16,-1.0
2097,2023-04-16,1.0
2098,2023-04-16,0.0
2099,2023-04-16,0.0
2100,2023-04-16,0.0
2101,2023-04-16,0.0
2102,2023-04-16,0.5
2103,2023-04-16,0.0
2104,2023-04-16,0.0
2105,2023-04-16,0.0
2106,2023-04-16,0.0
2107,2023-04-16,0.0
2108,2023-04-16,0.0
2109,2023-04-16,1.0
2110,2023-04-16,1.0
2111,2023-04-16,1.0
2112,2023-04-16,0.0
2113,2023-04-16,0.0
2114,2023-04-16,0.0
2115,2023-04-16,0.0
2116,2023-04-16,0.0
2117,2023-04-16,0.0
2118,2023-04-16,-1.0
2119,2023-04-16,-1.0
2120,2023-04-16,1.0
2121,2023-04-16,1.0
2122,2023-04-16,-1.0
2123,2023-04-16,0.0
2124,2023-04-16,0.0
2125,2023-04-16,-1.0
2126,2023-04-16,0.0
2127,2023-04-16,0.0
2128,2023-04-16,-1.0
2129,2023-04-16,0.0
2130,2023-04-16,-0.5
2131,2023-04-16,-1.0
2132,2023-04-16,-1.0
2133,2023-04-16,0.0
2134,2023-04-16,0.0
2135,2023-04-16,0.0
2136,2023-04-16,1.0
2137,2023-04-16,0.0
2138,2023-04-16,1.0
2139,2023-04-16,0.0
2140,2023-04-16,-0.5
2141,2023-04-16,-0.5
2142,2023-04-16,0.0
2143,2023-04-16,0.0
2144,2023-04-16,0.0
2145,2023-04-16,0.0
2146,2023-04-16,0.3333333333333333
2147,2023-04-16,0.0
2148,2023-04-16,0.0
2149,2023-04-16,-1.0
2150,2023-04-16,-0.3333333333333333
2151,2023-04-16,-1.0
2152,2023-04-16,0.0
2153,2023-04-16,0.0
2154,2023-04-16,0.0
2155,2023-04-16,0.5
2156,2023-04-16,0.0
2157,2023-04-16,0.0
2158,2023-04-16,-0.5
2159,2023-04-16,0.0
2160,2023-04-16,0.0
2161,2023-04-16,0.0
2162,2023-04-16,0.0
2163,2023-04-16,0.0
2164,2023-04-16,0.25
2165,2023-04-16,0.0
2166,2023-04-16,0.0
2167,2023-04-16,0.0
2168,2023-04-16,0.0
2169,2023-04-16,0.0
2170,2023-04-16,0.0
2171,2023-04-16,0.5
2172,2023-04-16,1.0
2173,2023-04-16,0.0
2174,2023-04-16,-0.5
2175,2023-04-16,1.0
2176,2023-04-16,0.0
2177,2023-04-16,0.0
2178,2023-04-16,0.0
2179,2023-04-16,0.0
2180,2023-04-16,-1.0
2181,2023-04-16,0.5
2182,2023-04-16,0.0
2183,2023-04-16,0.0
2184,2023-04-16,0.0
2185,2023-04-16,0.0
2186,2023-04-16,0.0
2187,2023-04-16,0.0
2188,2023-04-16,-1.0
2189,2023-04-16,0.0
2190,2023-04-16,0.0
2191,2023-04-16,0.0
2192,2023-04-16,-0.5
2193,2023-04-16,0.0
2194,2023-04-16,-1.0
2195,2023-04-16,0.0
2196,2023-04-16,0.0
2197,2023-04-16,0.0
2198,2023-04-16,0.0
2199,2023-04-16,0.0
2200,2023-04-16,0.0
2201,2023-04-16,0.0
2202,2023-04-16,-1.0
2203,2023-04-16,0.0
2204,2023-04-16,0.0
2205,2023-04-16,0.0
2206,2023-04-16,-1.0
2207,2023-04-16,0.0
2208,2023-04-16,0.0
2209,2023-04-16,0.0
2210,2023-04-16,0.0
2211,2023-04-16,0.0
2212,2023-04-16,0.0
2213,2023-04-16,0.0
2214,2023-04-16,0.0
2215,2023-04-16,0.5
2216,2023-04-16,-1.0
2217,2023-04-16,1.0
2218,2023-04-16,-1.0
2219,2023-04-16,-1.0
2220,2023-04-16,0.0
2221,2023-04-16,0.0
2222,2023-04-16,0.0
2223,2023-04-16,0.0
2224,2023-04-16,0.0
2225,2023-04-16,-1.0
2226,2023-04-16,0.0
2227,2023-04-16,0.0
2228,2023-04-16,1.0
2229,2023-04-16,1.0
2230,2023-04-16,0.0
2231,2023-04-16,1.0
2232,2023-04-16,0.0
2233,2023-04-16,1.0
2234,2023-04-16,-1.0
2235,2023-04-16,0.0
2236,2023-04-16,-1.0
2237,2023-04-16,0.0
2238,2023-04-16,1.0
2239,2023-04-16,0.0
2240,2023-04-16,0.0
2241,2023-04-16,0.0
2242,2023-04-16,1.0
2243,2023-04-16,0.0
2244,2023-04-16,1.0
2245,2023-04-16,0.0
2246,2023-04-16,0.0
2247,2023-04-16,-1.0
2248,2023-04-16,1.0
2249,2023-04-16,1.0
2250,2023-04-16,0.0
2251,2023-04-16,0.0
2252,2023-04-16,0.0
2253,2023-04-16,0.0
2254,2023-04-16,1.0
2255,2023-04-16,-1.0
2256,2023-04-16,0.0
2257,2023-04-16,0.0
2258,2023-04-16,1.0
2259,2023-04-16,0.0
2260,2023-04-16,0.0
2261,2023-04-16,0.5
2262,2023-04-16,0.0
2263,2023-04-16,0.0
2264,2023-04-16,0.0
2265,2023-04-16,0.0
2266,2023-04-16,0.0
2267,2023-04-16,-1.0
2268,2023-04-16,0.0
2269,2023-04-16,-1.0
2270,2023-04-16,0.0
2271,2023-04-16,1.0
2272,2023-04-16,0.0
2273,2023-04-16,1.0
2274,2023-04-16,1.0
2275,2023-04-16,-1.0
2276,2023-04-16,1.0
2277,2023-04-16,-1.0
2278,2023-04-16,1.0
2279,2023-04-16,1.0
2280,2023-04-16,1.0
2281,2023-04-16,0.0
2282,2023-04-16,0.0
2283,2023-04-16,0.0
2284,2023-04-16,1.0
2285,2023-04-16,0.5
2286,2023-04-16,0.5
2287,2023-04-16,0.0
2288,2023-04-16,0.5
2289,2023-04-16,1.0
2290,2023-04-16,0.0
2291,2023-04-16,1.0
2292,2023-04-16,0.0
2293,2023-04-16,1.0
2294,2023-04-16,0.0
2295,2023-04-16,1.0
2296,2023-04-16,-1.0
2297,2023-04-16,-0.5
2298,2023-04-16,0.0
2299,2023-04-16,1.0
2300,2023-04-16,0.0
2301,2023-04-16,0.0
2302,2023-04-16,1.0
2303,2023-04-16,1.0
2304,2023-04-16,-1.0
2305,2023-04-16,1.0
2306,2023-04-16,1.0
2307,2023-04-16,1.0
2308,2023-04-16,1.0
2309,2023-04-16,1.0
2310,2023-04-16,0.0
2311,2023-04-16,1.0
2312,2023-04-16,-1.0
2313,2023-04-16,1.0
2314,2023-04-16,0.0
2315,2023-04-16,-1.0
2316,2023-04-16,1.0
2317,2023-04-16,0.0
2318,2023-04-16,1.0
2319,2023-04-16,0.0
2320,2023-04-16,0.0
2321,2023-04-16,0.0
2322,2023-04-16,-1.0
2323,2023-04-16,0.6666666666666666
2324,2023-04-16,1.0
2325,2023-04-16,0.0
2326,2023-04-16,0.0
2327,2023-04-16,-1.0
2328,2023-04-16,1.0
2329,2023-04-16,1.0
2330,2023-04-16,0.5
2331,2023-04-16,0.0
2332,2023-04-16,1.0
2333,2023-04-16,0.0
2334,2023-04-16,0.0
2335,2023-04-16,-1.0
2336,2023-04-16,1.0
2337,2023-04-16,1.0
2338,2023-04-16,1.0
2339,2023-04-16,-1.0
2340,2023-04-16,0.0
2341,2023-04-16,0.0
2342,2023-04-16,-0.5
2343,2023-04-16,1.0
2344,2023-04-16,0.0
2345,2023-04-16,-0.5
2346,2023-04-16,0.0
2347,2023-04-16,1.0
2348,2023-04-16,1.0
2349,2023-04-16,0.0
2350,2023-04-16,-0.5
2351,2023-04-16,0.0
2352,2023-04-16,0.0
2353,2023-04-16,0.0
2354,2023-04-16,1.0
2355,2023-04-16,1.0
2356,2023-04-16,0.0
2357,2023-04-16,-1.0
2358,2023-04-16,1.0
2359,2023-04-16,0.5
2360,2023-04-16,1.0
2361,2023-04-16,0.0
2362,2023-04-16,0.5
2363,2023-04-16,1.0
2364,2023-04-16,1.0
2365,2023-04-16,1.0
2366,2023-04-16,1.0
2367,2023-04-16,0.0
2368,2023-04-16,0.0
2369,2023-04-16,1.0
2370,2023-04-16,0.0
2371,2023-04-16,0.0
2372,2023-04-16,0.0
2373,2023-04-16,0.0
2374,2023-04-16,0.5
2375,2023-04-16,0.0
2376,2023-04-16,0.0
2377,2023-04-16,-1.0
2378,2023-04-16,0.0
2379,2023-04-16,0.0
2380,2023-04-16,0.0
2381,2023-04-16,0.0
2382,2023-04-16,0.0
2383,2023-04-16,1.0
2384,2023-04-16,0.0
2385,2023-04-16,1.0
2386,2023-04-16,1.0
2387,2023-04-16,0.0
2388,2023-04-16,1.0
2389,2023-04-16,0.0
2390,2023-04-16,1.0
2391,2023-04-16,0.3333333333333333
2392,2023-04-16,1.0
2393,2023-04-16,0.0
2394,2023-04-16,0.0
2395,2023-04-16,0.0
2396,2023-04-16,0.0
2397,2023-04-16,1.0
2398,2023-04-16,0.3333333333333333
2399,2023-04-16,0.0
2400,2023-04-16,-1.0
2401,2023-04-16,0.0
2402,2023-04-16,0.0
2403,2023-04-16,0.5
2404,2023-04-16,0.0
2405,2023-04-16,0.0
2406,2023-04-16,0.0
2407,2023-04-16,0.0
2408,2023-04-16,-1.0
2409,2023-04-16,1.0
2410,2023-04-16,0.0
2411,2023-04-16,0.0
2412,2023-04-16,0.0
2413,2023-04-16,0.0
2414,2023-04-16,0.0
2415,2023-04-16,0.5
2416,2023-04-16,1.0
2417,2023-04-16,0.0
2418,2023-04-16,0.0
2419,2023-04-16,0.0
2420,2023-04-17,0.0
2421,2023-04-17,0.0
2422,2023-04-17,0.0
2423,2023-04-17,0.0
2424,2023-04-17,0.0
2425,2023-04-17,1.0
2426,2023-04-17,0.0
2427,2023-04-17,0.0
2428,2023-04-17,-0.3333333333333333
2429,2023-04-17,-0.5
2430,2023-04-17,0.0
2431,2023-04-17,0.0
2432,2023-04-17,0.0
2433,2023-04-17,0.0
2434,2023-04-17,-0.5
2435,2023-04-17,0.4
2436,2023-04-17,0.0
2437,2023-04-17,0.0
2438,2023-04-17,0.0
2439,2023-04-17,1.0
2440,2023-04-17,0.0
2441,2023-04-17,0.3333333333333333
2442,2023-04-17,0.0
2443,2023-04-17,-0.25
2444,2023-04-17,0.0
2445,2023-04-17,-1.0
2446,2023-04-17,-1.0
2447,2023-04-17,0.0
2448,2023-04-17,0.0
2449,2023-04-17,-0.5
2450,2023-04-17,0.0
2451,2023-04-17,0.0
2452,2023-04-17,-1.0
2453,2023-04-17,-0.3333333333333333
2454,2023-04-17,0.25
2455,2023-04-17,0.0
2456,2023-04-17,0.0
2457,2023-04-17,0.25
2458,2023-04-17,0.0
2459,2023-04-17,0.0
2460,2023-04-17,0.0
2461,2023-04-17,0.0
2462,2023-04-17,0.0
2463,2023-04-17,-1.0
2464,2023-04-17,0.0
2465,2023-04-17,0.0
2466,2023-04-17,0.0
2467,2023-04-17,0.0
2468,2023-04-17,0.0
2469,2023-04-17,-0.3333333333333333
2470,2023-04-17,0.0
2471,2023-04-17,-1.0
2472,2023-04-17,0.4
2473,2023-04-17,0.0
2474,2023-04-17,0.5
2475,2023-04-17,-1.0
2476,2023-04-17,0.0
2477,2023-04-17,0.0
2478,2023-04-17,1.0
2479,2023-04-17,0.25
2480,2023-04-17,-0.5
2481,2023-04-17,0.0
2482,2023-04-17,-0.5
2483,2023-04-17,0.0
2484,2023-04-17,0.5
2485,2023-04-17,0.0
2486,2023-04-17,-0.5
2487,2023-04-17,0.0
2488,2023-04-17,0.0
2489,2023-04-17,0.0
2490,2023-04-17,0.0
2491,2023-04-17,0.5
2492,2023-04-17,0.3333333333333333
2493,2023-04-17,0.75
2494,2023-04-17,0.0
2495,2023-04-17,0.0
2496,2023-04-17,0.0
2497,2023-04-17,0.2
2498,2023-04-17,-0.5
2499,2023-04-17,0.5
2500,2023-04-17,0.0
2501,2023-04-17,0.0
2502,2023-04-17,0.0
2503,2023-04-17,0.0
2504,2023-04-17,0.0
2505,2023-04-17,-0.16666666666666666
2506,2023-04-17,0.16666666666666666
2507,2023-04-17,0.0
2508,2023-04-17,0.4
2509,2023-04-17,0.0
2510,2023-04-17,0.0
2511,2023-04-17,0.0
2512,2023-04-17,0.0
2513,2023-04-17,0.0
2514,2023-04-17,-0.5
2515,2023-04-17,0.2
2516,2023-04-17,0.0
2517,2023-04-17,0.3333333333333333
2518,2023-04-17,0.0
2519,2023-04-17,0.3333333333333333
2520,2023-04-17,-1.0
2521,2023-04-17,1.0
2522,2023-04-17,0.0
2523,2023-04-17,0.0
2524,2023-04-17,-0.25
2525,2023-04-17,0.0
2526,2023-04-17,1.0
2527,2023-04-17,0.0
2528,2023-04-17,1.0
2529,2023-04-17,0.0
2530,2023-04-17,0.0
2531,2023-04-17,0.0
2532,2023-04-17,0.0
2533,2023-04-17,0.0
2534,2023-04-17,-0.5
2535,2023-04-17,-1.0
2536,2023-04-17,0.0
2537,2023-04-17,1.0
2538,2023-04-17,0.5
2539,2023-04-17,0.0
2540,2023-04-17,0.0
2541,2023-04-17,0.0
2542,2023-04-17,-1.0
2543,2023-04-17,0.0
2544,2023-04-17,0.0
2545,2023-04-17,1.0
2546,2023-04-17,1.0
2547,2023-04-17,1.0
2548,2023-04-17,0.0
2549,2023-04-17,-1.0
2550,2023-04-17,0.6666666666666666
2551,2023-04-17,0.5
2552,2023-04-17,1.0
2553,2023-04-17,0.5
2554,2023-04-17,-0.5
2555,2023-04-17,0.0
2556,2023-04-17,1.0
2557,2023-04-17,0.0
2558,2023-04-17,-1.0
2559,2023-04-17,1.0
2560,2023-04-17,-1.0
2561,2023-04-17,1.0
2562,2023-04-17,0.5
2563,2023-04-17,1.0
2564,2023-04-17,1.0
2565,2023-04-17,0.0
2566,2023-04-17,1.0
2567,2023-04-17,1.0
2568,2023-04-17,0.8571428571428571
2569,2023-04-17,0.8
2570,2023-04-17,0.8
2571,2023-04-17,0.0
2572,2023-04-17,0.5
2573,2023-04-17,1.0
2574,2023-04-17,0.6666666666666666
2575,2023-04-17,0.3333333333333333
2576,2023-04-17,0.5
2577,2023-04-17,0.5
2578,2023-04-17,1.0
2579,2023-04-17,1.0
2580,2023-04-17,0.0
2581,2023-04-17,0.3333333333333333
2582,2023-04-17,0.0
2583,2023-04-17,0.0
2584,2023-04-17,1.0
2585,2023-04-17,0.0
2586,2023-04-17,0.5
2587,2023-04-17,1.0
2588,2023-04-17,0.0
2589,2023-04-17,0.0
2590,2023-04-17,0.0
2591,2023-04-17,0.5
2592,2023-04-17,0.75
2593,2023-04-17,1.0
2594,2023-04-17,1.0
2595,2023-04-17,0.0
2596,2023-04-17,1.0
2597,2023-04-17,1.0
2598,2023-04-17,0.0
2599,2023-04-17,0.5
2600,2023-04-17,0.0
2601,2023-04-17,-1.0
2602,2023-04-17,0.6666666666666666
2603,2023-04-17,0.5714285714285714
2604,2023-04-17,0.4
2605,2023-04-17,0.5
2606,2023-04-17,-1.0
2607,2023-04-17,0.0
2608,2023-04-17,0.6666666666666666
2609,2023-04-17,0.6666666666666666
2610,2023-04-17,1.0
2611,2023-04-17,0.0
2612,2023-04-17,0.125
2613,2023-04-17,0.4
2614,2023-04-17,0.0
2615,2023-04-17,-0.25
2616,2023-04-17,0.0
2617,2023-04-17,-1.0
2618,2023-04-17,-0.2
2619,2023-04-17,-0.6666666666666666
2620,2023-04-17,-0.3333333333333333
2621,2023-04-17,1.0
2622,2023-04-17,0.5
2623,2023-04-17,1.0
2624,2023-04-17,0.5
2625,2023-04-17,0.5
2626,2023-04-17,-0.5
2627,2023-04-17,1.0
2628,2023-04-17,1.0
2629,2023-04-17,1.0
2630,2023-04-17,1.0
2631,2023-04-17,0.5
2632,2023-04-17,1.0
2633,2023-04-17,1.0
2634,2023-04-17,0.4
2635,2023-04-17,0.0
2636,2023-04-17,0.5
2637,2023-04-17,0.6
2638,2023-04-17,0.0
2639,2023-04-17,0.0
2640,2023-04-17,0.16666666666666666
2641,2023-04-17,0.0
2642,2023-04-17,0.5
2643,2023-04-17,0.5
2644,2023-04-17,1.0
2645,2023-04-17,0.0
2646,2023-04-17,1.0
2647,2023-04-17,0.0
2648,2023-04-17,0.6666666666666666
2649,2023-04-17,0.5
2650,2023-04-17,0.0
2651,2023-04-17,1.0
2652,2023-04-17,0.0
2653,2023-04-17,0.25
2654,2023-04-17,1.0
2655,2023-04-17,0.0
2656,2023-04-17,0.6666666666666666
2657,2023-04-17,0.25
2658,2023-04-17,1.0
2659,2023-04-17,0.5
2660,2023-04-17,0.5
2661,2023-04-17,0.5
2662,2023-04-17,0.6666666666666666
2663,2023-04-17,0.42857142857142855
2664,2023-04-17,0.5
2665,2023-04-17,-0.75
2666,2023-04-17,0.25
2667,2023-04-17,0.6666666666666666
2668,2023-04-17,-1.0
2669,2023-04-17,-0.3333333333333333
2670,2023-04-17,0.0
2671,2023-04-17,0.0
2672,2023-04-17,0.0
2673,2023-04-17,1.0
2674,2023-04-17,0.6666666666666666
2675,2023-04-17,-0.3333333333333333
2676,2023-04-17,0.0
2677,2023-04-17,0.5
2678,2023-04-17,0.25
2679,2023-04-17,0.0
2680,2023-04-17,0.0
2681,2023-04-17,0.0
2682,2023-04-17,0.0
2683,2023-04-17,0.0
2684,2023-04-17,0.0
2685,2023-04-17,0.0
2686,2023-04-17,0.0
2687,2023-04-17,0.6666666666666666
2688,2023-04-17,0.0
2689,2023-04-17,0.3333333333333333
2690,2023-04-17,-0.3333333333333333
2691,2023-04-17,0.0
2692,2023-04-17,0.5
2693,2023-04-17,0.0
2694,2023-04-17,0.3333333333333333
2695,2023-04-17,-0.3333333333333333
2696,2023-04-17,0.25
2697,2023-04-17,-1.0
2698,2023-04-17,0.0
2699,2023-04-17,-0.3333333333333333
2700,2023-04-17,1.0
2701,2023-04-17,0.3333333333333333
2702,2023-04-17,-0.5
2703,2023-04-17,-0.3333333333333333
2704,2023-04-17,0.5
2705,2023-04-17,0.6
2706,2023-04-17,0.0
2707,2023-04-17,1.0
2708,2023-04-17,0.16666666666666666
2709,2023-04-17,0.5
2710,2023-04-17,-0.6
2711,2023-04-17,-0.75
2712,2023-04-17,-0.5
2713,2023-04-17,-0.3333333333333333
2714,2023-04-17,0.5
2715,2023-04-17,-0.4
2716,2023-04-17,-0.2
2717,2023-04-17,-1.0
2718,2023-04-17,0.0
2719,2023-04-17,1.0
2720,2023-04-17,1.0
2721,2023-04-17,0.0
2722,2023-04-17,1.0
2723,2023-04-17,0.0
2724,2023-04-17,1.0
2725,2023-04-17,0.0
2726,2023-04-17,0.5
2727,2023-04-17,-0.5
2728,2023-04-17,1.0
2729,2023-04-17,0.3333333333333333
2730,2023-04-17,0.4
2731,2023-04-17,1.0
2732,2023-04-17,0.4
2733,2023-04-17,0.4
2734,2023-04-17,0.3333333333333333
2735,2023-04-17,0.5
2736,2023-04-17,0.0
2737,2023-04-17,1.0
2738,2023-04-17,1.0
2739,2023-04-17,0.0
2740,2023-04-17,1.0
2741,2023-04-17,1.0
2742,2023-04-17,0.25
2743,2023-04-17,1.0
2744,2023-04-17,1.0
2745,2023-04-17,1.0
2746,2023-04-17,0.5
2747,2023-04-17,0.5
2748,2023-04-17,1.0
2749,2023-04-17,1.0
2750,2023-04-17,1.0
2751,2023-04-17,1.0
2752,2023-04-17,0.3333333333333333
2753,2023-04-17,-0.6666666666666666
2754,2023-04-17,0.5
2755,2023-04-17,0.3333333333333333
2756,2023-04-17,0.0
2757,2023-04-17,0.5
2758,2023-04-17,0.25
2759,2023-04-17,0.5
2760,2023-04-17,0.5
2761,2023-04-17,1.0
2762,2023-04-17,0.3333333333333333
2763,2023-04-17,1.0
2764,2023-04-17,0.5
2765,2023-04-17,0.3333333333333333
2766,2023-04-17,0.3333333333333333
2767,2023-04-17,0.25
2768,2023-04-17,0.5
2769,2023-04-17,0.6666666666666666
2770,2023-04-17,0.2
2771,2023-04-17,0.6666666666666666
2772,2023-04-17,0.5
2773,2023-04-17,0.5
2774,2023-04-17,0.3333333333333333
2775,2023-04-17,0.5
2776,2023-04-17,0.2222222222222222
2777,2023-04-17,0.16666666666666666
2778,2023-04-17,0.25
2779,2023-04-17,0.0
2780,2023-04-17,0.0
2781,2023-04-17,0.0
2782,2023-04-17,0.0
2783,2023-04-17,1.0
2784,2023-04-17,0.0
2785,2023-04-17,1.0
2786,2023-04-17,0.0
2787,2023-04-17,0.3333333333333333
2788,2023-04-17,0.0
2789,2023-04-17,1.0
2790,2023-04-19,0.0
2791,2023-04-19,0.4
2792,2023-04-19,0.25
2793,2023-04-19,-0.5
2794,2023-04-19,0.1875
2795,2023-04-19,0.14285714285714285
2796,2023-04-19,0.45454545454545453
2797,2023-04-19,0.2777777777777778
2798,2023-04-19,0.46153846153846156
2799,2023-04-19,0.1111111111111111
2800,2023-04-19,0.08333333333333333
2801,2023-04-19,0.14285714285714285
2802,2023-04-19,0.25
2803,2023-04-19,0.5555555555555556
2804,2023-04-19,-0.125
2805,2023-04-19,0.3
2806,2023-04-19,0.0
2807,2023-04-19,0.4444444444444444
2808,2023-04-19,0.0
2809,2023-04-19,0.0
2810,2023-04-19,0.8571428571428571
2811,2023-04-19,0.6
2812,2023-04-19,0.5714285714285714
2813,2023-04-19,0.7142857142857143
2814,2023-04-19,1.0
2815,2023-04-19,0.42857142857142855
2816,2023-04-19,0.5714285714285714
2817,2023-04-19,0.5
2818,2023-04-19,0.5
2819,2023-04-19,0.0
2820,2023-04-19,1.0
2821,2023-04-19,1.0
2822,2023-04-19,0.2
2823,2023-04-19,0.0
2824,2023-04-19,0.16666666666666666
2825,2023-04-19,1.0
2826,2023-04-19,-0.4
2827,2023-04-19,1.0
2828,2023-04-19,0.0
2829,2023-04-19,0.3333333333333333
2830,2023-04-19,-0.75
2831,2023-04-19,0.0
2832,2023-04-19,0.0
2833,2023-04-19,-0.25
2834,2023-04-19,0.3333333333333333
2835,2023-04-19,-0.5
2836,2023-04-19,-0.5
2837,2023-04-19,0.25
2838,2023-04-19,0.0
2839,2023-04-19,0.5
2840,2023-04-19,0.3333333333333333
2841,2023-04-19,1.0
2842,2023-04-19,-0.25
2843,2023-04-19,0.0
2844,2023-04-19,0.5
2845,2023-04-19,0.0
2846,2023-04-19,0.0
2847,2023-04-19,0.0
2848,2023-04-19,0.3333333333333333
2849,2023-04-19,0.16666666666666666
2850,2023-04-19,0.0
2851,2023-04-19,0.6666666666666666
2852,2023-04-19,0.625
2853,2023-04-19,0.6
2854,2023-04-19,0.17647058823529413
2855,2023-04-19,1.0
2856,2023-04-19,-0.3333333333333333
2857,2023-04-19,0.5
2858,2023-04-19,0.0
2859,2023-04-19,0.4
2860,2023-04-19,-0.25
2861,2023-04-19,1.0
2862,2023-04-19,0.25
2863,2023-04-19,0.0
2864,2023-04-19,0.5
2865,2023-04-19,0.25
2866,2023-04-19,0.0
2867,2023-04-19,0.2857142857142857
2868,2023-04-19,0.3333333333333333
2869,2023-04-19,-0.3333333333333333
2870,2023-04-19,0.5
2871,2023-04-19,0.5
2872,2023-04-19,0.3333333333333333
2873,2023-04-19,0.0
2874,2023-04-19,-1.0
2875,2023-04-19,-0.3333333333333333
2876,2023-04-19,0.0
2877,2023-04-19,0.0
2878,2023-04-19,-0.5
2879,2023-04-19,0.0
2880,2023-04-19,-0.5
2881,2023-04-19,-0.5
2882,2023-04-19,0.5
2883,2023-04-19,0.0
2884,2023-04-19,0.0
2885,2023-04-19,-0.3333333333333333
2886,2023-04-19,-0.5
2887,2023-04-19,1.0
2888,2023-04-19,-0.6666666666666666
2889,2023-04-19,1.0
2890,2023-04-19,0.0
2891,2023-04-19,1.0
2892,2023-04-19,1.0
2893,2023-04-19,0.0
2894,2023-04-19,-0.6666666666666666
2895,2023-04-19,0.5
2896,2023-04-19,0.0
2897,2023-04-19,0.0
2898,2023-04-19,0.0
2899,2023-04-19,-1.0
2900,2023-04-19,-0.14285714285714285
2901,2023-04-19,0.8
2902,2023-04-19,0.16666666666666666
2903,2023-04-19,0.0
2904,2023-04-19,0.5
2905,2023-04-19,1.0
2906,2023-04-19,1.0
2907,2023-04-19,1.0
2908,2023-04-19,-1.0
2909,2023-04-19,0.0
2910,2023-04-19,0.5
2911,2023-04-19,0.0
2912,2023-04-19,-1.0
2913,2023-04-19,-1.0
2914,2023-04-19,0.0
2915,2023-04-19,0.5
2916,2023-04-19,-1.0
2917,2023-04-19,0.3333333333333333
2918,2023-04-19,-0.08333333333333333
2919,2023-04-19,0.25
2920,2023-04-19,0.0
2921,2023-04-19,0.058823529411764705
2922,2023-04-19,0.3333333333333333
2923,2023-04-19,0.14285714285714285
2924,2023-04-19,0.0
2925,2023-04-19,0.2
2926,2023-04-19,0.0
2927,2023-04-19,0.6
2928,2023-04-19,0.5714285714285714
2929,2023-04-19,-0.2
2930,2023-04-19,0.0
2931,2023-04-19,0.4
2932,2023-04-19,0.0
2933,2023-04-19,0.0
2934,2023-04-19,0.0
2935,2023-04-19,0.3333333333333333
2936,2023-04-19,0.0
2937,2023-04-19,0.2857142857142857
2938,2023-04-19,0.4
2939,2023-04-19,0.5
2940,2023-04-19,0.36363636363636365
2941,2023-04-19,0.5
2942,2023-04-19,0.6
2943,2023-04-19,0.7222222222222222
2944,2023-04-19,0.6666666666666666
2945,2023-04-19,0.6
2946,2023-04-19,0.5714285714285714
2947,2023-04-19,0.5
2948,2023-04-19,0.0
2949,2023-04-19,-0.375
2950,2023-04-19,-0.25
2951,2023-04-19,0.0
2952,2023-04-19,-0.2857142857142857
2953,2023-04-19,0.0
2954,2023-04-19,0.0
2955,2023-04-19,1.0
2956,2023-04-19,0.0
2957,2023-04-19,0.0
2958,2023-04-19,0.3333333333333333
2959,2023-04-19,0.0
2960,2023-04-19,0.5
2961,2023-04-19,0.0
2962,2023-04-19,1.0
2963,2023-04-19,0.3333333333333333
2964,2023-04-19,0.0
2965,2023-04-19,0.0
2966,2023-04-19,0.0
2967,2023-04-19,0.0
2968,2023-04-19,0.0
2969,2023-04-19,0.0
2970,2023-04-19,0.0
2971,2023-04-19,0.0
2972,2023-04-19,-0.5
2973,2023-04-19,0.5
2974,2023-04-19,-0.16666666666666666
2975,2023-04-19,-1.0
2976,2023-04-19,0.0
2977,2023-04-19,1.0
2978,2023-04-19,0.0
2979,2023-04-19,0.5
2980,2023-04-19,0.0
2981,2023-04-19,0.0
2982,2023-04-19,0.5
2983,2023-04-19,0.0
2984,2023-04-19,0.5
2985,2023-04-19,0.0
2986,2023-04-19,0.5
2987,2023-04-19,0.0
2988,2023-04-19,0.5
2989,2023-04-19,1.0
2990,2023-04-19,1.0
2991,2023-04-19,1.0
2992,2023-04-19,1.0
2993,2023-04-19,-0.5
2994,2023-04-19,1.0
2995,2023-04-19,1.0
2996,2023-04-19,0.0
2997,2023-04-19,0.3333333333333333
2998,2023-04-19,0.0
2999,2023-04-19,0.25
3000,2023-04-19,0.5
3001,2023-04-19,0.0
3002,2023-04-19,-0.5
3003,2023-04-19,0.0
3004,2023-04-19,0.0
3005,2023-04-19,0.0
3006,2023-04-19,0.0
3007,2023-04-19,-0.125
3008,2023-04-19,0.0
3009,2023-04-19,0.25
3010,2023-04-19,0.0
3011,2023-04-19,0.3333333333333333
3012,2023-04-19,0.0
3013,2023-04-19,0.0
3014,2023-04-19,0.5
3015,2023-04-19,0.0
3016,2023-04-19,0.3333333333333333
3017,2023-04-19,0.3333333333333333
3018,2023-04-19,1.0
3019,2023-04-19,1.0
3020,2023-04-19,1.0
3021,2023-04-19,0.0
3022,2023-04-19,0.0
3023,2023-04-19,1.0
3024,2023-04-19,1.0
3025,2023-04-19,0.75
3026,2023-04-19,0.5
3027,2023-04-19,0.5
3028,2023-04-19,-0.6666666666666666
3029,2023-04-19,0.5
3030,2023-04-19,0.0
3031,2023-04-19,1.0
3032,2023-04-19,0.0
3033,2023-04-19,0.5
3034,2023-04-19,0.0
3035,2023-04-19,1.0
3036,2023-04-19,0.0
3037,2023-04-19,1.0
3038,2023-04-19,1.0
